name,id,rarity,type,extraTypes,shop,price,staminaCost,minDam,maxDam,cd,accuracy,chance,chance2,shopChance,block,p1,p2,p3,p4,p5,material,canActivate,recipes,gateItem,tags,gain,use,remove,threshold,weight,p6,p7,p8,p9,p10,appropriated,demo,earliestRound,latestRound,requires,version,animation,physics,textEffect,class_override
Stone,0,Common,Ranged Weapon,Nature,,1,0,2,4,2.5,70,,,,,4:blockremoval,,,,,Stone,,,,Stone,,,Block,8,,,,,,,,,,,,0.1.0,Throw,Dense,Stone,
Wooden Sword,1,Common,Melee Weapon,,,3,1,1,3,1.4,90,,,,,,,,,,Wood,,"Whetstone>Hero Sword,Lump of Coal>Torch,Shiny Shell>Shell Totem,Rainbow Orb>Prismatic Sword",,,,,,,,,,,,,,,,,,0.1.0,Slash,,,
Pan,2,Common,Melee Weapon,,,4,2,5,6,2.2,85,,,,,1,,,,,Metal,,"Heroic Potion>Eggscalibur,Corrupted Crystal>Pandamonium,Battery>Generator,Wooden Buckler>Pot",,,,,,,,,,,,,,,,,,0.1.0,ReverseBonk,Dense,,
Broom,3,Common,Melee Weapon,,,4,1.2,2,4,1.7,95,33,,,,2,,,,,Wood,,"Mana Orb>Magic Staff,Pan>Shovel,Whetstone>Shepherds Crook,Snowball>Snow Stick",,,Blind,,,3,,,,,,,,,,,,0.3.1,Sweep,,,
Wooden Buckler,4,Common,Shield,,,4,,,,,,30,,,,7:damblock,0.3,,,,Wood,,"Walrus Tusk>Spiked Shield,Snowball>Frozen Buckler,Coil>Spring Loader",,,,,,,,,,,,,,,,,,0.1.0,Block,,,
Banana,5,Common,Food,Nature,,3,,,,5,,,,,,4:heal,,,,,Squishy,,Mana Crystal*>Mananana,,,,,,,,,,,,,,,,,,0.1.0,VerySquishyJump,Light,,
Garlic,6,Common,Food,Nature,,2,,,,4,,30,,,3,1,,,,,Squishy,,,,,,,Vampirism,,,,,,,,,,,,,0.1.0,VerySquishyJump,Light,,
Healing Herbs,7,Common,Accessory,Nature,,4,,,,,,,,,,2,,,,,Leaf,,,,,Regeneration,,,6,,,,,,,,,,,,0.1.0,VerySquishyJump,Light,,
Walrus Tusk,8,Common,Accessory,Nature,,4,,,,,,,,,,1,,,,,Stone,,,,,Spikes,,,,,,,,,,,,,,,0.1.0,SquishyJump,,,
Piggybank,9,Common,Accessory,,,3,,,,,,,,,,1,2:maxhealth,,,,Stone,,"Lucky Clover+Lucky Clover>Lucky Piggy,Hammer*>Coins,Thors Hammer*>Coins",,,,,,,,,,,,,,,,,,0.1.0,VerySquishyJump,,,
Whetstone,10,Common,Accessory,,,4,,,,,,,,,,1:dam,,,,,Stone,,Forging Hammer*>Whetstone2,,,,,,,,,,,,,,,,,,0.1.0,Jump,Dense,Stone,
Pocket Sand,20,Common,Accessory,Nature,,2,,,,,,,,,,1,,,,,Sand,,,,,Blind,,,6,,,,,,,,,,,,0.1.0,VerySquishyJump,Sand,,
Lump of Coal,191,Common,Gem,,,2,,,,3,,70,,,8,1,,,,,Stone,,Fire*>Burning Coal,,,"Buff, Debuff",,,,,,,,,,,,,,,0.6.1,Jump,,,
Shiny Shell,275,Common,Accessory,"Holy,Nature",,2,,,,5,,,,,,5:heal,3:heal_bonus,,,,Jewelry,,Health Potion>Shelly,,,,,,4,,,,,,,,no,,,,0.9.12,SquishyJump,,,
Leather Bag,11,Common,Bag,,,4,,,,,,,,,,,,,,,Leather,,,,,,,,,0.6,,,,,,,,,,,0.1.0,,,,
Hammer,12,Rare,Melee Weapon,,,8,3,10,13,2,75,45,,,,0.5:dur_stun,,,,,Metal,,Mana Crystal*>Thors Hammer,,,,,,1,,,,,,,,,,,,0.1.0,Bonk,Dense,,
Spear,14,Rare,Melee Weapon,,,6,1,3,8,1.5,85,,,,,4:blockremoval,,,,,Metal,,"Crown>Holy Spear,Flame+Flame>Molten Spear,Pestilence Flask>Poison Spear",,,,,Block,,,,,,,,,,,,,0.1.0,Stab,,,
Dagger,15,Rare,Melee Weapon,,,4,0,2,5,3.5,95,,,,,,,,,,Metal,,"Pestilence Flask>Poison Dagger,Blood Amulet>Bloody Dagger,Mana Orb*>Spectral Dagger,Flame+Flame>Molten Dagger",,,,,,4,,,,,,,,,,,,0.1.0,Stab,,,
Spiked Shield,16,Rare,Shield,,no,8,,,,,,30,,,,9:damblock,0.3:stamina,1:spikes,5:maxspikes,,Wood,,"Spiked Collar>Spiked Wall,Pineapple>Pine Protector",,,Spikes,,,,,,,,,,,,,,,0.1.0,Block,,,
Leather Armor,17,Rare,Armor,,,7,,,,,,,,,45,3:resist,,,,,Leather,,"Blood Amulet>Vampiric Armor,Forging Hammer*>Dragonscale Armor,Snowball>Ice Armor,Stone Skin Potion>Stone Armor,Goobert*>Holdall,Hammer*>Holdall,Thors Hammer*>Holdall",,,,,,2,,,,,,,,,,,,0.1.0,SquishyJump,,,
Gloves of Haste,18,Rare,Gloves,,,4,,,,,,,,,,20,,,,,Leather,,"Blood Amulet>Vampiric Gloves,Walrus Tusk>Claws of Attack,Forging Hammer*>Dragon Claws,Stone Skin Potion>Stone Gloves,Resistor>Eat-o-matic",,,,,,,,,,,,,,,,,,0.1.0,VerySquishyJump,,,
Health Potion,19,Rare,Potion,,,4,,,,,,,,,,50,12:heal,4,,,Glass,,"Healing Herbs>Strong Health Potion,Blueberries>Mana Potion,Charge Splitter>Con-Trap-Tron",,,,,Poison,5,,,,,,,,,,,,0.1.0,,,,
Blueberries,22,Rare,Food,"Nature,Magic",,2,,,,3.5,,,,,,1:mana,10:manat,1:luck,,,Squishy,,,,,"Mana,Lucky",,,,,,,,,,,,,,,0.3.1,VerySquishyJump,Light,,
Goobert,23,Rare,Pet,,,6,,,,,,,,,,5,9:heal,,,,Slime,,"Fly Agaric+Fly Agaric>Poison Goobert,Lightsaber>Light Goobert,Hero Sword>Steel Goobert,Blood Amulet>Blood Goobert,Carrot+Carrot>Carrot Goobert,Chili Pepper>Chili Goobert,Cheese>Cheese Goobert,King Crown>King Goobert,Cupcake>Cupcake Goobert,Broccoli>Broccoli Goobert,Slice of Toast>Toast Goobert",,,,,,,,,,,,,,,,,,0.3.0,Squish,Slime,,
Bag of Stones,13,Rare,Accessory,,,3,,,,,,,,,,,,,,,Leather,no,Pocket Sand>Sandbag,,,,,,4,,,,,,,,,,,,0.1.0,,Dense,,
Customer Card,25,Rare,Accessory,,,4,,,,,,,,10,,,,,,,Paper,no,Customer Card>Platin Customer Card,,,,,,,,,,,,,,,,,,0.1.0,VerySquishyJump,,,
Amulet Unidentified,263,Rare,Accessory,,,6,,,,,,,,,,,,,,,Jewelry,,,,Transient,,,,,,,,,,,,no,,,,0.9.12,,,,
Amulet of Life,264,Rare,Accessory,,no,6,,,,,,,,,,20:maxhealth,20:healamp,,,,Jewelry,,,Amulet Unidentified,,,,,,,,,,,,,no,,,,0.9.12,Jump,,,
Amulet of Steel,265,Rare,Accessory,,no,6,,,,,,,,,30,40:blockt,1:empower,,,,Jewelry,,,Amulet Unidentified,,Empower,,,,,,,,,,,no,,,,0.9.12,Jump,,,
Amulet of Feasting,266,Rare,Accessory,,no,6,,,,,,,,,,40:foodspeed,,,,,Jewelry,no,,Amulet Unidentified,,,,,,,,,,,,,no,,,,0.9.12,Jump,,,
Amulet of Darkness,267,Rare,Accessory,Dark,no,6,,7,7,,,30,,,,22:damt,,,,,Jewelry,,,Amulet Unidentified,,Debuff,,,,,,,,,,,no,,,,0.9.24,Flash,,,
Amulet of Agility,268,Rare,Accessory,,no,6,,,,,,,,,,100:speed,1:dur,25:refund,,,Jewelry,,,Amulet Unidentified,,Buff,,,,,,,,,,,no,,,,0.9.12,Jump,,,
Amulet of the Wild,269,Rare,Accessory,Nature,no,6,,,,5,,,,,,4:spikes,50:spikedam,,,,Jewelry,,,Amulet Unidentified,,Spikes,,,,,,,,,,,no,,,,0.9.12,Jump,,,
Amulet of Alchemy,270,Rare,Accessory,,no,6,,,,,,70,,,,3:buffs,2.5:delay,,,,Jewelry,,,Amulet Unidentified,,Buff,,,,,,,,,,,no,,,,0.9.12,Jump,,,
Amulet of Fortune,437,Rare,Accessory,,no,6,,,,5,,,,,,15:chance,2:buffs,,,,Jewelry,,,Amulet Unidentified,,Buff,,,,,,,,,,,no,,,,1.0.0,Jump,,,
Fanny Pack,26,Rare,Bag,,,3,,,,,,,,,,10,,,,,Leather,,,,,,,,,0.6,,,,,,,,,,,0.1.0,,,,
Coins,126,Rare,Accessory,,no,9,,,,,,,,,,,,,,,Jewelry,no,,,Transient,,,,,,,,,,,,,,,,0.4.1,,Dense,Gold,
Shovel,183,Rare,Melee Weapon,,no,8,1.7,5,8,2.4,95,40,,,,1,,,,,Metal,,Resistor>Robodog,,,Blind,,,,,,,,,,,,,,,0.6.0,ReverseStab,Dense,,
Burning Coal,207,Rare,Gem,Fire,no,2,,,,5,,12,,,12,6,1,7:coldresist,2,3,Stone,,,,,Heat,,,,,,,,,,,,,,,0.7.0,Jump,,,
Torch,208,Rare,Melee Weapon,,no,5,1,2,3,1.4,90,25,,,,1,,,,,Wood,,"Fire*>Burning Torch,Mana Potion>Magic Torch,Coil>Electric Torch",,,,,,,,,,,,,,,,,,0.7.0,Slash,,,
Shell Totem,276,Rare,Weapon,Holy,no,5,2,,,3.6,,,,,,70:healtht,8:heal,15:stamina,,,Wood,,,,,Empower,,,,,,,,,,,no,,,,0.9.12,Wave,,,
Shelly,374,Rare,Pet,"Holy,Nature",no,6,,,,13,,25:cleanse,,,,6:debuffs,40:heal,20:speed,,,Squishy,,Flame+Flame>Fire Shelly,,,,,,,,,,,,,,no,,,,0.9.28,VerySquishyJump,,,
Shepherds Crook,351,Rare,Accessory,,no,8,,,,,,35,50,,,2:dam,,,,,Wood,,,,,,,,,,,,,,,,no,,,,0.9.24,Wave,,,
Thorn Whip,27,Epic,Melee Weapon,Nature,,8,2.2,4,9,2.2,80,,,,,1,,,,,Squishy,,"Flame+Flame>Flame Whip,Forging Hammer*>Chain Whip,Heroic Potion>Thornbloom",,,Spikes,,,2,,,,,,,,,,,,0.1.0,Slash,,,
Hungry Blade,28,Epic,Melee Weapon,Vampiric,,7,1,3,6,1.6,90,,,,,1,1,1,,,Metal,,"Thorn Whip>Bloodthorne,Mana Orb>Manathirst,Snowball>Frostbite",,,Vampirism,Regeneration,,2,,,,,,,,,,,,0.1.0,Slash,,,
Leather Boots,34,Epic,Shoes,,,6,,,,,,,,,15,70:healtht,1:luck,1:empower,,,Leather,,"Forging Hammer*>Dragonskin Boots,Stone Skin Potion>Stone Shoes,Divine Potion>Winged Boots,Mana Crystal*>Arcane Boots",,,"Empower,Lucky",,,3,,,,,,,,,,,,0.1.0,SquishyJump,,,
Leather Helm,127,Epic,Helmet,,,7,,,,,,15,,,,25:damagereduction,3:dur,,,,Leather,,"Corrupted Crystal>Evil Cap,Stone Skin Potion>Stone Helm,Mana Crystal*>Cap of Brilliance",,,,,,2,,,,,,,,,,,,0.4.1,SquishyJump,,,
Pestilence Flask,36,Epic,Potion,,,7,,,,,,,,,,3,1,,,,Glass,,Fly Agaric>Strong Pestilence Flask,,,Poison,,,4,,,,,,,,,,,,0.1.0,,,Poison,
Stone Skin Potion,37,Epic,Potion,,,6,,,,,,,,,30,45,15,,,,Glass,,Stone+Stone>Strong Stone Skin Potion,,,,,,4,,,,,,,,,,,,0.1.0,,Dense,Stone,
Flute,40,Epic,Accessory,"Magic,Musical",,6,,,,4.7,,,,,14,2,2,10,,,Wood,,,,,Lucky,,,3,,,,,,,,,,,,0.1.0,Scale,,,
Mana Orb,41,Epic,Accessory,Magic,,6,,,,,,50,,,,1,35:manat,20:buffs,,,Glass,,,,,Buff,Mana,,5,,,,,,,,,,,,0.3.1,,BouncyDense,,
Corrupted Crystal,160,Epic,Gem,Dark,,7,,,,3.9,,,,,,30,50,7,6,,Jewelry,,,,,,,,3,,,,,,,,,,,,0.5.4,Jump,Dense,,
Oil Lamp,277,Epic,Accessory,Fire,,7,,,,3.4,,,,,,2:heat,1:dam,5:accuracy,,,Metal,,,,,Heat,,,3,,,,,,,,no,,,,0.9.12,Jump,,,
Unstable Recombobulator,280,Epic,Accessory,"Dark,Magic",,6,,,,4,,,,,,1:bonusvalue,,,,,Metal,,,,,Buff,,Debuff,,,,,,,,,no,,,,0.9.16,Spin,,Shaky,
Snowman,353,Epic,Accessory,Ice,,8,,,,,,,,,,,,,,,Squishy,,,,Transient,,,,,,,,,,,,no,,,,0.9.24,,,,
Snowball,352,Epic,Accessory,Ice,no,4,,,,,,,,,,2:cold,15:healthreduction,,,,Squishy,,,Snowman,,Cold,,,,,,,,,,,no,,,,0.9.24,Throw,Floaty,,
Stamina Sack,42,Epic,Bag,,,5,,,,,,,,,,,,,,,Leather,,,,,,,,,0.6,,,,,,,,,,,0.1.0,,,,
Hero Sword,29,Epic,Melee Weapon,,no,7,0.7,2,4,1.4,90,,,,,1:dam,,,,,Metal,,"Whetstone+Whetstone>Hero Longsword,Gloves of Haste+Gloves of Haste>Falcon Blade,Flame+Flame>Burning Sword,Cog>Wrench,Garlic>Onion Cutter",,,,,,,,,,,,,,,,,,0.1.0,Slash,Dense,Steel,
Magic Staff,32,Epic,Ranged Weapon,Magic,no,10,1,6,8,1.8,90,,,,,3:manat,6:dam_temp,2:dam_perm,,,Wood,,"Acorn Collar>Critwood Staff,Demonic Flask>Staff of Unhealing,Draconic Orb>Staff of Fire,Pestilence Flask>Serpent Staff,Spiked Collar>Spiked Staff,Cupcake>Cupcake Staff,Battery>Lightning Staff",,Staff,,Mana,,,,,,,,,,,,,,0.3.1,Wave,,,
Strong Health Potion,35,Epic,Potion,,no,8,,,,,,,,,,50,24:heal,4:cleanse,3:regen,,Glass,,Blood Amulet*>Vampiric Potion,,,Regeneration,,,,,,,,,,,,,,,0.1.0,,,,
Poison Dagger,30,Epic,Melee Weapon,,no,11,0,5,7,1.9,95,,,,,2,,,,,Metal,,,,,Poison,,,,,,,,,,,,,,,0.1.0,Stab,,Poison,
Claws of Attack,118,Epic,Melee Weapon,,no,8,0.5,4,5,1.6,90,,,,,5:speedperspike,1000:maxspeed,4:attackst,,,Leather,,,,,Empower,,,,,,,,,,,,,,,0.3.9,SquishyJump,,,
Burning Torch,209,Epic,Melee Weapon,Fire,no,5,1,2,3,1.4,90,30,,,,2:heat,1:damagegain,,,,Wood,,"Coil>Electric Torch,Mana Potion>Magic Torch",,,Heat,,,,,,,,,,,,,,,0.7.0,Slash,,,
Platin Customer Card,216,Epic,Accessory,,no,8,,,,,,,,25:trade,,30:uniques,2,,,,Jewelry,,,,,,,,,,,,,,,,,,,,0.7.2,VerySquishyJump,,,
Mana Potion,172,Epic,Potion,Magic,no,6,,,,,,,,,,50:healtht,4:mana,18:maxhealth,,,Glass,,,,,Mana,,,,,,,,,,,,,,,0.6.3,,,,
Sandbag,391,Epic,Accessory,,no,5,,,,,,,,,,25:damreduction,7:dur,3:blind,,,Sand,,,,,Blind,,,,,,,,,,,no,,,,0.9.37,Struggle,Sand,,
Box of Prosperity,278,Epic,Bag,,no,5,,,,,,,,,,2:insideitems,,,,,Wood,,,,,,,,,,,,,,,,no,,,,0.9.12,,,,
Holdall,372,Epic,Bag,,no,7,,,,,,,,,8,,,,,,Leather,,,,,,,,,,,,,,,,no,,,,0.9.28,,,,
Rib Saw Blade,43,Legendary,Melee Weapon,,,7,1.5,8,10,1.8,90,,,,,1:dam,0.5:bonusdam,,,,Metal,,"Whetstone>Katana,Coil>Chainsaw",,,,,,1,,,,,,,,,,,,0.1.0,Slash,Dense,,
Holy Armor,58,Legendary,Armor,Holy,,12,,,,2.2,,,,,65,2:regen,2:cleanse,,,,Metal,,"Flame+Flame>Sun Armor,Mana Orb>Moon Armor,Corrupted Crystal>Corrupted Armor,Mana Crystal*>Magitecc Armor,Coins>Gold Armor,Lucky Cat>Gold Armor",,,Regeneration,,Poison,1,,,,,,,,,,,,0.1.0,Jump,Dense,,
Shield of Valor,51,Legendary,Shield,Holy,,11,,,,,,30,,,,14:damblock,0.7:stamina,30:block,,,Metal,,"Mana Orb>Moon Shield,Flame+Flame>Sun Shield",,,,,,2,,,,,,,,,,,,0.2.0,Block,Dense,,
Heroic Potion,59,Legendary,Potion,,,6,,,,,,,,,,2,1,1,,,Glass,,Banana>Strong Heroic Potion,,,Empower,,,4,,,,,,,,,,,,0.1.0,,,,
Pineapple,60,Legendary,Food,Nature,,6,,,,2.9,,,,,,4:heal,,,,,Squishy,,,,,Spikes,,,,,,,,,,,,,,,0.1.0,VerySquishyJump,,,
Blood Amulet,48,Legendary,Accessory,Vampiric,,8,,,,,,,,,,2:vampirism,20:maxhealth,,,,Jewelry,,Cog>Mecha Bat,,,Vampirism,,,5,,,,,,,,,,,,0.1.1,SquishyJump,,,
Ruby Egg,62,Legendary,Pet,Fire,,10,,,,,,,,,,3:reflect,2:hatch,4:heat,,,Stone,,,,,Heat,,,,,,,,,,,,,,,0.1.0,SquishyJump,Dense,,
Jynx torquilla,81,Legendary,Pet,"Nature,Musical",,6,,,,3,,,,,,5:speed,10:max,1:luck,,,Bird,,"Rainbow Orb>Paradise Birb,Demonic Flask>Crow",,,,,Lucky,3,,,,,,,,,,,,0.3.4,VerySquishyJump,Floaty,,
Vampiric Potion,174,Legendary,Potion,Vampiric,no,8,,,,,,,,,,80:healtht,3:vampirism,15:dam,100:lifesteal,,Glass,,,,Lifesteal,Vampirism,,,,,,,,,,,no,,,,0.9.0,,,,
Lucky Cat,273,Legendary,Accessory,Holy,,10,,,,,,15,,,,3:sales,20:gold1,40:gold2,15:speed,,Stone,no,,,,,,,2,,,,,,,,no,,,,0.9.12,,,,
Potion Belt,85,Legendary,Bag,,,5,,,,,,,,,,10:cleanse,,,,,Leather,,,,,Buff,,Debuff,,0.6,,,,,,,,,,,0.3.6,,,,
Bloody Dagger,45,Legendary,Melee Weapon,Vampiric,no,12,0,5,7,2.1,95,,,,,1:vampirism,5:max,4:heal,,,Metal,,,,,Vampirism,,,,,,,,,,,,,,,0.3.0,Stab,,,
Strong Heroic Potion,55,Legendary,Potion,,no,9,,,,,,,,,,4,1,1,,,Glass,,,,,Empower,,,,,,,,,,,,,,,0.3.1,,,,
Strong Stone Skin Potion,46,Legendary,Potion,,no,8,,,,,,,,,35,45:blockt,15:healtht,2:spikes,4:dur,,Glass,,,,,Spikes,,,,,,,,,,,,,,,0.1.0,,Dense,Stone,
Vampiric Armor,50,Legendary,Armor,Vampiric,no,15,,,,2.8,,,,,100,50:healtht,5:vampirism,10,20,,Leather,,,,,Vampirism,,,,,,,,,,,,,,,0.2.0,SquishyJump,,,
Blood Goobert,54,Legendary,Pet,Vampiric,no,14,,,,,,,,,,6:activations,10:dam,5:vampirism,100:lifesteal,,Slime,,,,Lifesteal,Vampirism,,,,,,,,,,,,,,,0.3.0,Squish,Slime,,
Steel Goobert,52,Legendary,Pet,,no,13,,,,,,,,,16,6:activations,2:dam,,,,Metal,,,,,,,,,,,,,,,,,,,,0.3.0,Squish,Slime,Steel,
Eggscalibur,125,Legendary,Melee Weapon,"Holy, Magic",no,10,1.3,8,9,1.6,90,,,,,1,11:manacost,,,,Metal,,,,,,Mana,,,,,,,,,,,,,,0.4.0,Bonk,Dense,Gold,
Manathirst,69,Legendary,Melee Weapon,"Magic, Vampiric",no,13,0.5,5,7,1.4,200,,,,,30:manat,10:dam,100:lifesteal,2:mana,,Metal,,,,Lifesteal,Mana,,,,,,,,,,,,,,,0.3.2,Slash,,,
Spectral Dagger,70,Legendary,Melee Weapon,Magic,no,4,0,2,3,2.5,95,,,,,1,6:dam,,,,Metal,,,,,,Mana,,,,,,,,,,,,,,0.3.2,Stab,,,
Hero Longsword,82,Legendary,Melee Weapon,,no,15,1,8,10,1.6,90,,,,,3:dam,,,,,Metal,,"Falcon Blade>Crossblades,Flame+Flame>Burning Blade",,,,,,,,,,,,,,,,,,0.3.5,Slash,,Steel,
Falcon Blade,83,Legendary,Melee Weapon,,no,15,1,4,5,1.7,100,,,,,40:speed,,,,,Metal,,,,,,,,,,,,,,,,,,,,0.3.5,DoubleSlash,,Steel,
Pandamonium,161,Legendary,Melee Weapon,Dark,no,11,0.7,9,11,2,90,4:crit,,,,1,,,,,Metal,,,,,Poison,,,,,,,,,,,,,,,0.5.4,Bonk,Dense,,
Evil Cap,206,Legendary,Helmet,Dark,no,14,,,,,,15,,,,25:damagereduction,5:dur,30:healreduction,,,Leather,,,,,,,,,,,,,,,,,,,,0.6.4,SquishyJump,,,
Magic Torch,215,Legendary,Melee Weapon,"Magic, Fire",no,11,0.7,3,6,1.4,200,,,,,1,1,1,,,Metal,,,,,,Mana,,,,,,,,,,,,,,0.7.2,Slash,,,
Strong Mana Potion,173,Legendary,Potion,Magic,no,7,,,,,,,,,,50,9:mana,25:maxhealth,,,Glass,,,,,Mana,,,,,,,,,,,no,,,,0.9.0,,,,
Stone Armor,237,Legendary,Armor,,no,13,,,,4,,,,,120,1:spikes,2:empower,50:healtht,20:staminacost,40:blockperhealth,Stone,,,,,,,Spikes,,,,,,,,,no,,,,0.9.0,Jump,Dense,Stone,
Stone Helm,238,Legendary,Helmet,,no,13,,,,,,30:crit,40:stun,,35,25:damagereduction,5:dur,,,,Stone,,,,,,,,,,,,,,,,,,,,0.8.4,Jump,Dense,Stone,
Stone Gloves,239,Legendary,Gloves,,no,10,,,,,,,,,7,20:dambonus,10:speedreduction,,,,Stone,,,,,,,,,,,,,,,,no,,,,0.9.0,Jump,Dense,Stone,
Serpent Staff,258,Legendary,Ranged Weapon,Magic,no,17,1,8,10,1.8,90,40:duplicate,,,,4:mana,2:dam,1:poison,4:damforpoison,30:poisonpierce,Metal,,,,Staff,Poison,Mana,,,,,,,,,,,,,,0.9.8,Wave,,Poison,
Stone Shoes,354,Legendary,Shoes,,no,12,,,,,,,,,45,70:healtht,1:luck,1:empower,35:damreduction,7:dur,Stone,,,,,"Empower,Lucky",,,,,,,,,,,no,,,,0.9.24,Jump,Dense,Stone,
Poison Spear,373,Legendary,Melee Weapon,,no,13,1,9,14,1.5,85,,,,,6:blockremoval,3:poison,2:poison2,,,Metal,,,,,Poison,,,,,,,,,,,no,,,,0.9.28,Stab,,Poison,
Snow Stick,366,Legendary,Melee Weapon,Ice,no,8,1.2,6,9,2.1,95,,,,,3:cold,2:cold2,,,,Wood,,,,,Cold,,,,,,,,,,,no,,,,0.9.24,Slash,,,
Fanfare,61,Godly,Accessory,"Magic,Musical",,7,,,,3,,,,,,1,3,2,1,10,Metal,,Charge Splitter>Bazooka,,,"Mana,Empower",,Mana,2,,,,,,,,,,,,0.1.0,Scale,BouncyDense,,
Lightsaber,63,Godly,Melee Weapon,Holy,,9,1,8,12,1.5,95,,,,,3:regent,1:dam_blind,8:blind,6:dur_blind,,Metal,,Corrupted Crystal>Darksaber,,,Blind,"Regeneration,Spikes",,1,,,,,,,,,,,,0.1.0,Slash,,,
Protective Purse,66,Godly,Bag,,,2,,,,,,,,,15,,,,,,Leather,,,,,,,,,0.6,,,,,,,,,,,0.1.0,,,,
Fancy Fencing Rapier,71,Godly,Melee Weapon,,,12,0.8,10,16,1.4,60,,,,,3:luckt,3:dam,3:luck,,,Metal,,,,,Lucky,Lucky,,1,,,,,,,,,,,,0.3.2,Stab,,,
Djinn Lamp,73,Godly,Accessory,Magic,,11,,,,1.6,,,,,,7,27,27,,,Metal,,,,,"Lucky,Spikes,Mana","Lucky,Spikes,Mana,Block",,,,,,,,,,,,,,0.3.3,VerySquishyJump,BouncyDense,,
Greatsword,128,Godly,Melee Weapon,,,14,5,40,50,5,90,,,,,5:empowert,2:stamina,2:cd,,,Metal,,"Forging Hammer*>Busted Blade,Flame+Flame+Flame+Flame>Molten Greatsword",,,,,,1,,,,,,,,,,,,0.4.2,Chop,Dense,Steel,
Crown,217,Godly,Helmet,"Holy,Magic",,12,,,,2.4,,,,,,10:mana,2:dur_invu,5:heal,,,Metal,,Box of Riches>King Crown,,,,Mana,Blind,3,,,,,,,,,,,,0.3.1,SquishyJump,,,
Wolpertinger,231,Godly,Pet,Nature,,12,,,,5,,,,,,0.7,3,15,,,,,,,,Buff,,,3,,,,,,,,,,,,0.8.0,VerySquishyJump,,,
Heart Container,232,Godly,Accessory,Holy,,11,,,,3,,,,,,1:regen,7:regent,100:maxhealth,2:empower,15:healamp,Jewelry,,"Corrupted Crystal>Heart of Darkness,Stone+Stone+Stone+Stone>Stone Golem",,,"Regeneration,Empower",Regeneration,,3,,,,,,,,,,,,0.8.1,VerySquishyJump,,,
Divine Potion,176,Godly,Potion,Holy,,7,,,,,,,,,,10:debufft,10:cleanses,,,,Glass,,,,,,,Debuff,,,,,,,,,no,,,,0.9.0,,,,
Rainbow Orb,272,Godly,Accessory,"Magic,Vampiric,Holy,Dark",,14,,,,8,,,,,,1:buffs,1:vampirism,2:mana,4:healamp,1:debuffs,Jewelry,,,,,"Buff,Debuff",,,2,,,,,,,,no,,,,0.9.12,SquishyJump,BouncyDense,Rainbow,
Bloodthorne,47,Godly,Melee Weapon,"Vampiric, Nature",no,15,1.5,4,8,1.6,90,,,,,1,1,1,,,Metal,,,,,"Vampirism,Spikes",Regeneration,,,,,,,,,,,,,,0.1.0,Slash,,,
Crossblades,84,Godly,Melee Weapon,,no,30,1,8,11,1.4,100,,,,,10:dambuff,65:speedbuff,1:damincrease,4:speedincrease,,Metal,,,,,,,,,,,,,,,,,,,,0.5.3,Slash,Dense,Steel,
Ruby Whelp,64,Godly,Ranged Weapon,"Pet,Fire,Effect",no,10,0,5,10,2.1,90,,,,,5:heat,3:reflect,,,,Dragon,,"Holo Fire Lizard>Ruby Chonk,Draconic Orb>Obsidian Dragon,White-Eyes Blue Dragon>Ice Dragon,Wisp>Forest Dragon,Whetstone3>Steel Dragon,Cupcake>Cupcake Dragon,Battery>Thunder Drake",Ruby Egg,Dragon,Heat,,,,,,,,,,,,,,,0.1.0,SquishyJump,Dense,,
Vampiric Gloves,49,Godly,Gloves,Vampiric,no,12,,,,4,,,,,,6:vampirism,35,,,,Leather,,,,,Vampirism,,,,,,,,,,,,,,,0.1.1,SquishyJump,,,
Darksaber,72,Godly,Melee Weapon,Dark,no,16,1,12,17,1.5,95,,,,,0.5:damperdebuff,1:mana,1:blind,,,Metal,,,,,Blind,Mana,,,,,,,,,,,,,,0.3.3,Slash,,,
Light Goobert,53,Godly,Pet,Holy,no,15,,,,,,,,,,6:activations,25:heal,7:blind,3:dur_blind,,Slime,,,,,Blind,,,,,,,,,,,,,,,0.3.0,Squish,Slime,,
Holy Spear,218,Godly,Melee Weapon,"Holy,Magic",no,18,0.4,10,15,1.8,200,,,,,10:blockremoval,10:manat,100:speed,3:dur_invu,,Metal,,,,,,Mana,"Debuff,Block",,,,,,,,,,,,,0.7.3,Stab,,,
Moon Shield,227,Godly,Shield,"Holy,Magic",no,17,,,,,,30,,,,14:damblock,0.7,30,12,,Metal,,,,,Mana,,,,,,,,,,,,,,,0.7.5,Block,Dense,,
Corrupted Armor,229,Godly,Armor,Dark,no,19,,,,2.4,,8,,,100,2,,,,,Metal,,,,,Debuff,,,,,,,,,,,,,,,0.7.6,Jump,Dense,,
Moon Armor,226,Godly,Armor,"Holy, Magic",no,18,,,,2.6,,,,,50,20,3:mana,2:reflect,,,Metal,,,,,Mana,,,,,,,,,,,no,,,,0.9.0,Jump,Dense,,
Heart of Darkness,244,Godly,Accessory,Dark,no,18,,,,4,,,,,,7:regent,40:healreduction,4:empower,100:maxhealth,2:buffsteal,Metal,,,,,Buff,Regeneration,,,,20:darkspeed,,,,,,,,,,0.8.3,VerySquishyJump,,,
Thornbloom,260,Godly,Melee Weapon,Nature,no,14,2.1,7,12,2.1,80,60,,,,1:spikes,1:empower,1:damperspike,11:maxhealth,,Squishy,,,,,"Empower,Spikes",,,,,,,,,,,,,,,0.9.8,Slash,,,
King Crown,261,Godly,Helmet,"Holy,Magic",no,17,,,,2.4,,,,,,50:gempower,8:heal,10:mana,2.5:dur_invu,,Metal,,,,,,Mana,,,,,,,,,,,,,,0.9.8,SquishyJump,,,
King Goobert,262,Godly,Pet,"Holy,Magic",no,23,,,,,,,,,,6:activations,35:heal,3:buffs,4:mana,1.5:dur_invu,Slime,,,,,,Mana,,,,3:charges,50:gempower,,,,,,,,,0.9.8,Squish,Slime,,
Stone Golem,271,Godly,Ranged Weapon,"Pet,Effect",no,15,0,8,13,5.5,85,30,,,150,1:empower,0.5:dur_stun,7:regen,2.6:buffedcd,10:bonusdam,Stone,,,,,Empower,Regeneration,,,,,,,,,,no,,,,0.9.12,Jump,VeryDense,,
Prismatic Sword,257,Godly,Melee Weapon,"Magic,Vampiric,Holy,Dark",no,17,1,14,20,1.4,90,10,10:debuff,,,8:speed,15:lifesteal,0.3:dam,4:debuffs,,Metal,,,,Lifesteal,Debuff,,,,,,,,,,,no,,,,0.9.12,Slash,,Rainbow,
Katana,355,Godly,Melee Weapon,,no,11,1.3,8,10,1.7,90,,,,,1:dam,1:bonusdam,20:buffst,2:buffs,,Metal,,,,,,,Buff,,,,,,,,,no,,,,0.9.24,Slash,,Steel,
Winged Boots,384,Godly,Shoes,Holy,no,13,,,,,,,,,,70:healtht,1:empower,20:cleanse,3:dodge,,Leather,,,,,Empower,,Debuff,,,,,,,,,no,,,,0.9.33,SquishyJump,Floaty,,
Paradise Birb,392,Godly,Pet,"Magic,Vampiric,Holy,Dark,Musical,Nature",no,20,,,,2.7,,7:buff,,,,7:speed,10:max,7:healamp,,,,,,,,,,,,,,,,,,,no,,,,0.9.37,VerySquishyJump,Floaty,Rainbow,
Random Loadout Bag,281,Unique,Bag,,special,10,,,,,,,,,,,,,,,Leather,,,,,,,,,,,,,,,,no,,,,0.9.16,,,Shaky,
Star of Courage,282,Unique,Accessory,,special,1,,,,,,,,,,5:uniques,5:stamina,,,,Jewelry,no,,,,,,,,,,,,,,,no,,,,0.9.16,,,,
Rainbow Badge,250,Unique,Accessory,,unique,5,,,,7,,,,,,,,,,,Jewelry,,,,,Buff,,,,,,,,,,,no,1,,,0.9.4,VerySquishyJump,,Rainbow,
Stone Badge,251,Unique,Accessory,,unique,5,,,,3,,,,,4,1:goldvalue,,,,,Jewelry,,,,,,,,,,,,,,,,no,1,,,0.9.4,SquishyJump,,Stone,
Leaf Badge,246,Unique,Accessory,,unique,5,,,,2.2,,2:crit,,,,,,,,,Jewelry,,,,,Lucky,,,,,,,,,,,no,1,,,0.9.4,VerySquishyJump,,,
Skull Badge,247,Unique,Accessory,,unique,5,,,,1.5,,,,,,,,,,,Jewelry,,,,,Debuff,,,,,,,,,,,no,1,,,0.9.4,VerySquishyJump,,,
Wolf Badge,248,Unique,Accessory,,unique,5,,,,,,,,,,50:healtht,5:dur,35:ragespeed,25:ragedamreduction,,Jewelry,,,,BattleRage,,,,,,,,,,,,no,1,,,0.9.4,VerySquishyJump,,,
Flame Badge,249,Unique,Accessory,,unique,5,,,,,,,,65,,6:heat,,,,,Jewelry,,,,,Heat,,,,,,,,,,,no,1,,,0.9.4,VerySquishyJump,,,
Puzzle Badge,409,Unique,Accessory,,unique,5,,,,5,,,,35,,20:speed,50:speed2,,,,Jewelry,,,,,,,,,,,,,,,,,1,,,1.0.0,VerySquishyJump,,,
Magic Badge,350,Unique,Accessory,Magic,unique,5,,,,,,30,,,,5:mana,,,,,Jewelry,,,,,Mana,,,,,,,,,,,,1,,,1.0.0,VerySquishyJump,,,
Twine Badge,411,Unique,Accessory,,unique,5,,,,,,20:buffs,,40:restock,,20:speed,,,,,Jewelry,no,,,,,,,,,,,,,,,,1,,,1.0.0,VerySquishyJump,,,
Artifact Stone Cold,138,Unique,Ranged Weapon,Ice,unique,10,0,2,4,4,90,,,,,3,1,,,,Stone,,,,Stone,Cold,,,,,,,,,,,,,,,0.4.3,Throw,VeryDense,,
Vampiric Scythe,139,Unique,Melee Weapon,Vampiric,unique,7,0,10,16,4,90,,,,,5,200,,,,Metal,,,,,,,,,,,,,,,,,,,,0.4.3,Slash,Dense,,
Villain Sword,140,Unique,Melee Weapon,Dark,unique,7,0.3,4,6,1.3,90,,,,,2,4,,,,Metal,,,,,,,,,1.3,,,,,,,,,10,,0.4.3,Slash,,,
Skull,156,Unique,Gem,Dark,unique,10,,,,,,25,50,,,30,50:heal,5,,,Jewelry,,,,,Empower,,,,,,,,,,,,,,,0.5.5,Jump,,,
Artifact Stone Heat,210,Unique,Ranged Weapon,Fire,unique,9,0,4,6,4,90,,,,,3,10,8,,,Stone,,,,Stone,Heat,,,,,,,,,,,,,,,0.7.0,Throw,VeryDense,,
Present,213,Unique,Accessory,,unique,10,,,,,,,,,,5,1.7,,,,Paper,,,,,Buff,,,,,,,,,,,,,17,,0.7.1,VerySquishyJump,,,
Gingerbread Man,214,Unique,Food,Magic,unique,8,,,,3,,,,,,40:maxhealth,1:luckt,1:heatt,1:manat,1:empower,Squishy,,,,,"Empower,Regeneration","Lucky,Heat,Mana",,,,3:regen,20:maxhealth_use,,,,,,,,,0.7.1,VerySquishyJump,Plush,,
Pumpkin,157,Unique,Ranged Weapon,"Food,Nature",unique,8,0,6,12,5,90,50,,,,0.5:dur_stun,10:heat,,,,Squishy,,,,,Heat,,,,,,,,,,,,,,,0.5.5,VerySquishyJump,,,
Dancing Dragon,230,Unique,Ranged Weapon,Fire,unique,9,2,15,20,2.2,85,2,,,,0.5:damperheat,2:heat,2:luck,,,Paper,,,,,"Heat,Lucky",,,,,,,,,,,,,,,0.8.0,Slash,Floaty,,
Cubert,256,Unique,Pet,,unique,8,,,,,,65,65,,,1:regen,1:regent,1:empower,,,Slime,no,,,,"Empower,Regeneration",Regeneration,,,,,,,,,,no,,,,0.9.16,Squish,Slime,,
Stable Recombobulator,279,Unique,Accessory,"Dark,Magic",unique,6,,,,2.5,,,,,,3:bonusvalue,,,,,Metal,,,,,Buff,,Debuff,,,,,,,,,no,,17,,0.9.16,Spin,,Shaky,
Artifact Stone Death,283,Unique,Ranged Weapon,Dark,unique,8,0,7,9,1.5,90,8:crit,,,,,,,,,Stone,,,,Stone,,,,,,,,,,,,no,,,,0.9.16,Throw,VeryDense,,
Ghost,284,Unique,Pet,Dark,unique,10,,,,3,,,,,,30:unhealing,12:heal,,,,,,,,,,Buff,,,,,,,,,,no,,,,0.9.16,VerySquishyJump,Ghost,Spooky,
Time Dilator,285,Unique,Accessory,,unique,8,,,,1,,,,,,30:slow,6:speed,,,,Jewelry,,,,,,,,,,,,,,,,no,,,,0.9.16,SquishyJump,,,
Pop,308,Unique,Ranged Weapon,"Pet,Magic,Effect",unique,6,0,2,3,1.5,90,,,,,4:speed,60:max,,,,,,,,,,,,,,,,,,,,no,,,,0.9.23,VerySquishyJump,Slime,,
Cthulhu,309,Unique,Pet,Dark,unique,8,,,,2.7,,,,,,15:speed,10:dam,100:lifesteal,,,,,,,Lifesteal,,,,,,,,,,,,no,,,,0.9.23,VerySquishyJump,,,
Snowcake,367,Unique,Food,Ice,unique,6,,10,10,2.1,,,,,,1:cold,10:coldt,10:damfactor,,,Squishy,,,,,Cold,,,,,,,,,,,no,,,,0.9.24,VerySquishyJump,Light,,
Little Mimic,371,Unique,Pet,,unique,6,,,,6,,,,40,,3:buffs,1:speed,,,,Wood,,,,,Buff,,,,,,,,,,,no,,,,0.9.28,VerySquishyJump,,,
Bomb,387,Unique,Accessory,,unique,7,,30,30,12,,,,,,4:dam,,,,,Metal,,,,,,Buff,,,,,,,,,,no,,,,0.9.33,Scale,BouncyDense,,
Repeater,393,Unique,Accessory,,unique,8,,,,12,,,,,,,,,,,Metal,,,,,,,,,,,,,,,,no,,,,0.9.37,Spin,,,
Box of Riches,112,Rare,Accessory,,,5,,,,,,,,50,,30,,,,,Wood,no,"Lucky Cat*>Box of Prosperity,Hammer*>Box of Prosperity,Thors Hammer*>Box of Prosperity",,,,,,,,,,,,,,,,,,0.3.7,SquishyJump,,,
Chipped Ruby,86,Common,Gem,,no,1,,,,5,,,,,,7:lifesteal_weapon,10:healamp,4:flatsteal,150:lifesteal_factor,,Jewelry,,Chipped Ruby>Flawed Ruby,Box of Riches,Lifesteal,,,,,,,,,,,Piggy of Riches,,,,,0.3.7,,,,
Flawed Ruby,87,Rare,Gem,,no,2,,,,5,,,,,,10:lifesteal_weapon,15,6,150:lifesteal_factor,,Jewelry,,Flawed Ruby>Regular Ruby,Box of Riches,Lifesteal,,,,,,,,,,,Piggy of Riches,,,,,0.3.7,,,,
Regular Ruby,88,Epic,Gem,,no,4,,,,5,,,,,,15:lifesteal_weapon,20,10,150:lifesteal_factor,,Jewelry,,Regular Ruby>Flawless Ruby,Box of Riches,Lifesteal,,,,,,,,,,,Piggy of Riches,,,,,0.3.7,,,,
Flawless Ruby,89,Legendary,Gem,,no,8,,,,5,,,,,,20:lifesteal_weapon,25,15,150:lifesteal_factor,,Jewelry,,Flawless Ruby>Perfect Ruby,Box of Riches,Lifesteal,,,,,,,,,,,Piggy of Riches,,,,,0.3.7,,,,
Perfect Ruby,90,Godly,Gem,,no,16,,,,5,,,,,,35:lifesteal_weapon,40,35,150:lifesteal_factor,,Jewelry,,,Box of Riches,Lifesteal,,,,,,,,,,,Piggy of Riches,,,,,0.3.7,,,,
Chipped Sapphire,91,Common,Gem,,no,1,,,,4.5,,15,,,,1:manaonhit,5:manaforblock,2:block,1:coldonhit,2:cold,Jewelry,,Chipped Sapphire>Flawed Sapphire,Box of Riches,,Cold,,,,,,,,,,Piggy of Riches,,,,,0.3.7,,,,
Flawed Sapphire,92,Rare,Gem,,no,2,,,,4.5,,25,,,,1,5,3,1,3,Jewelry,,Flawed Sapphire>Regular Sapphire,Box of Riches,,Cold,,,,,,,,,,Piggy of Riches,,,,,0.3.7,,,,
Regular Sapphire,93,Epic,Gem,,no,4,,,,4,,40,,,,1,5,4,1,4,Jewelry,,Regular Sapphire>Flawless Sapphire,Box of Riches,,Cold,,,,,,,,,,Piggy of Riches,,,,,0.3.7,,,,
Flawless Sapphire,94,Legendary,Gem,,no,8,,,,3.5,,60,,,,1,5,5,1,5,Jewelry,,Flawless Sapphire>Perfect Sapphire,Box of Riches,,Cold,,,,,,,,,,Piggy of Riches,,,,,0.3.7,,,,
Perfect Sapphire,95,Godly,Gem,,no,16,,,,3,,100,,,,1,5,8,1,8,Jewelry,,,Box of Riches,,Cold,,,,,,,,,,Piggy of Riches,,,,,0.3.7,,,,
Chipped Emerald,101,Common,Gem,,no,1,,,,3,,35,,,,1:poisononhit,10:resist,1:regen,,,Jewelry,,Chipped Emerald>Flawed Emerald,Box of Riches,,Regeneration,,,,,,,,,,Piggy of Riches,,,,,0.3.7,,,,
Flawed Emerald,102,Rare,Gem,,no,2,,,,4,,50,,,,1:poisononhit,15:resist,2:regen,,,Jewelry,,Flawed Emerald>Regular Emerald,Box of Riches,,Regeneration,,,,,,,,,,Piggy of Riches,,,,,0.3.7,,,,
Regular Emerald,103,Epic,Gem,,no,4,,,,4,,80,,,,1:poisononhit,20:resist,3:regen,,,Jewelry,,Regular Emerald>Flawless Emerald,Box of Riches,,Regeneration,,,,,,,,,,Piggy of Riches,,,,,0.3.7,,,,
Flawless Emerald,104,Legendary,Gem,,no,8,,,,3.5,,80,,,,2:poisononhit,25:resist,4:regen,,,Jewelry,,Flawless Emerald>Perfect Emerald,Box of Riches,,Regeneration,,,,,,,,,,Piggy of Riches,,,,,0.3.7,,,,
Perfect Emerald,105,Godly,Gem,,no,16,,,,3,,80,,,,4:poisononhit,40:resist,7:regen,,,Jewelry,,,Box of Riches,,Regeneration,,,,,,,,,,Piggy of Riches,,,,,0.3.7,,,,
Chipped Topaz,96,Common,Gem,,no,1,,,,,,10,5:critresist,,,10:attackspeed,8:staminaregen,,,,Jewelry,no,Chipped Topaz>Flawed Topaz,Box of Riches,,,,,,,,,,,,Piggy of Riches,,,,,0.3.8,,,,
Flawed Topaz,97,Rare,Gem,,no,2,,,,,,15,7,,,15,12,,,,Jewelry,no,Flawed Topaz>Regular Topaz,Box of Riches,,,,,,,,,,,,Piggy of Riches,,,,,0.3.8,,,,
Regular Topaz,98,Epic,Gem,,no,4,,,,,,20,10,,,20,20,,,,Jewelry,no,Regular Topaz>Flawless Topaz,Box of Riches,,,,,,,,,,,,Piggy of Riches,,,,,0.3.8,,,,
Flawless Topaz,99,Legendary,Gem,,no,8,,,,,,30,15,,,25,30,,,,Jewelry,no,Flawless Topaz>Perfect Topaz,Box of Riches,,,,,,,,,,,,Piggy of Riches,,,,,0.3.8,,,,
Perfect Topaz,100,Godly,Gem,,no,16,,,,,,50,30,,,40,50,,,,Jewelry,no,,Box of Riches,,,,,,,,,,,,Piggy of Riches,,,,,0.3.8,,,,
Chipped Amethyst,106,Common,Gem,,no,1,,,,3.2,,25,,,,12:healingreduction,1:buffs,,,,Jewelry,,Chipped Amethyst>Flawed Amethyst,Box of Riches,,,,Debuff,,,,,,,,Piggy of Riches,,,,,0.3.8,,,,
Flawed Amethyst,107,Rare,Gem,,no,2,,,,2.5,,35,,,,18,1:buffs,,,,Jewelry,,Flawed Amethyst>Regular Amethyst,Box of Riches,,,,Debuff,,,,,,,,Piggy of Riches,,,,,0.3.8,,,,
Regular Amethyst,108,Epic,Gem,,no,4,,,,2,,50,,,,25,1:buffs,,,,Jewelry,,Regular Amethyst>Flawless Amethyst,Box of Riches,,,,Debuff,,,,,,,,Piggy of Riches,,,,,0.3.8,,,,
Flawless Amethyst,109,Legendary,Gem,,no,8,,,,1.6,,75,,,,30,1:buffs,,,,Jewelry,,Flawless Amethyst>Perfect Amethyst,Box of Riches,,,,Debuff,,,,,,,,Piggy of Riches,,,,,0.3.8,,,,
Perfect Amethyst,110,Godly,Gem,,no,16,,,,1,,70,,,,45,2:buffs,,,,Jewelry,,,Box of Riches,,,,Debuff,,,,,,,,Piggy of Riches,,,,,0.3.8,,,,
Ranger Bag,67,Unique,Bag,,Ranger,16,,,,,,12:crit,3:crit2,,,,,,,,Leather,,,,,,,,,,,,,,,,,,,,0.1.0,,,,
Vineweave Basket,252,Unique,Bag,,Ranger,20,,,,,,,,,,12:healamp,5:ampbonus,20:sales,1:round1,10:round2,Leather,,,,,,,,,,,,,,,,no,,,,0.9.16,,,,
Lucky Clover,24,Rare,Accessory,Nature,Ranger,2,,,,,,,,,,1,,,,,Leaf,,,,,Lucky,,,,,,,,,,,,,,,0.1.0,VerySquishyJump,Floaty,,
Carrot,124,Rare,Food,Nature,Ranger,3,,,,2.7,,55,,,,,4:luckt,,,,Squishy,,Snowball+Lump of Coal>Snowmaster,,,Empower,,Debuff,,,,,,,,,,,,,0.4.0,VerySquishyJump,Light,,
Shortbow,182,Common,Ranged Weapon,,Ranger,4,0.7,2,3,1.7,85,,,,,1,,,,,Wood,,"Walrus Tusk>Thorn Shortbow,Lucky Clover+Lucky Clover>Lucky Shortbow,Pestilence Flask>Poison Shortbow",,Bow,,,,,,,,,,,,no,,,,0.9.0,Shoot,,,
Acorn Collar,39,Epic,Accessory,Nature,Ranger,8,,,,,,5:crit,,,,,,,,,Jewelry,no,"Blood Amulet*>Vampiric Collar,Mana Orb*>Magic Collar,Holy Armor*>Holy Collar",,,,,,2,,,,,,,,,,,,0.1.0,,,,
Bow and Arrow,31,Epic,Ranged Weapon,,Ranger,6,1.2,6,9,3,85,,,,,1,7,,,,Wood,,"Walrus Tusk>Thorn Bow,Lucky Clover+Lucky Clover>Lucky Bow,Pestilence Flask>Poison Bow",,Bow,,,,4,,,,,,,,,,,,0.1.0,Shoot,,,
Thorn Shortbow,233,Rare,Ranged Weapon,Nature,no,8,0.7,2,3,1.7,85,50,,,,,,,,,Wood,,,,Bow,Spikes,,,,,,,,,,,no,,,,0.9.0,Shoot,,,
Lucky Shortbow,234,Epic,Ranged Weapon,Nature,no,8,0.7,3,4,1.7,100,85:luck,,,,,,,,,Wood,,,,Bow,Lucky,,,,,,,,,,,no,,,,0.9.0,Shoot,,,
Poison Shortbow,235,Legendary,Ranged Weapon,Nature,no,11,0.7,4,11,1.7,85,70,,,,2:poison,,,,,Wood,,,,Bow,Debuff,,,,,,,,,,,no,,,,0.9.0,Shoot,,Poison,
Lucky Piggy,119,Epic,Accessory,,no,7,,,,,,,,,,1,2,12:bonuschance,,,Stone,,,,,Lucky,,,,,,,,,,,,,,,0.3.9,VerySquishyJump,,,
Carrot Goobert,168,Epic,Pet,Nature,no,12,,,,,,,,,,6:activations,4:cleanse,2:empower,8:dur,,Slime,,Light Goobert+Steel Goobert+Blood Goobert>Rainbow Goobert Ranger,,,Empower,,Debuff,,,,,,,,,,,,,0.5.6,Squish,Slime,,
Thorn Bow,192,Legendary,Ranged Weapon,Nature,no,10,1.2,9,12,3,85,,,,,4:spikes,9:bonusdam,,,,Wood,,,,Bow,Spikes,Spikes,,,,,,,,,,,,,,0.6.2,Shoot,,,
Lucky Bow,193,Legendary,Ranged Weapon,Nature,no,10,1.2,6,9,2.8,85,,,,,5:luck,,,,,Wood,,,,Bow,Lucky,,,,,,,,,,,,,,,0.6.2,Shoot,,,
Poison Bow,194,Legendary,Ranged Weapon,Nature,no,13,1.2,11,14,3,85,,,,,5:damforpoison,0.5,,,,Wood,,,,Bow,Poison,,,,,,,,,,,,,,,0.7.4,Shoot,,Poison,
Critwood Staff,33,Legendary,Ranged Weapon,"Magic, Nature",no,18,1,6,8,1.8,90,,,,,3:mana,7,1.5:dur,,,Wood,,,,Staff,,Mana,,,,,,,,,,,,,,0.3.1,Wave,,,
Snowmaster,424,Legendary,Pet,Ice,no,9,,,,1.3,,,,,,1:cold,10:coldt,1:empower,10:speed,,Ice,,,Frozen Flame,,"Cold,Empower",,Debuff,,,,,,,,,no,,,,1.0.0,VerySquishyJump,,,Ranger
Vampiric Collar,429,Legendary,Accessory,"Vampiric, Nature",no,8,,,,,,4:crit,,,,3:lifesteal,50:max,,,,Jewelry,no,,,,,,,,,,,,,,,no,,,,1.0.0,VerySquishyJump,,,
Magic Collar,430,Legendary,Accessory,"Magic,Nature",no,8,,,,,,7:mana,,,,3:mana,,,,,Jewelry,no,,,,Mana,,,,,,,,,,,no,,,,1.0.0,VerySquishyJump,,,
Holy Collar,431,Legendary,Accessory,"Holy,Nature",no,8,,,,,,22,1:crit,,,1:luck,1:regen,,,,Jewelry,no,,,,"Lucky,Regeneration",,,,,,,,,,,no,,,,1.0.0,VerySquishyJump,,,
Rainbow Goobert Ranger,169,Godly,Pet,"Vampiric, Holy, Nature",no,54,,,,,,,,,20,9:activations,40:heal,2,2,3:blind,Slime,,,,,"Empower,Vampirism,Blind",,,,,4:dambonus,,,,,,,,,,0.5.6,Squish,Slime,Rainbow,
Piercing Arrow,141,Unique,Accessory,,Ranger>Hunter,10,,,,,,40:luck,,,,50:critdam,15:blockremoval,,,,Wood,no,,,,Lucky,,,,,,,,,,,,,,,0.5.0,,,,
Yggdrasil Leaf,142,Unique,Accessory,"Nature,Magic",Ranger>Lifebinder,10,,,,,,,,,,2:mana,1:regen,5:manat,18:heal,2:cleanse,Leaf,,,,,"Mana,Regeneration",,Debuff,,,,,,,,,,,,,0.5.0,VerySquishyJump,Floaty,,
Poison Ivy,145,Unique,Accessory,Nature,Ranger>Pathfinder,10,,,,,,5,,,,18:poisont,25:damfactor,,2:poisonperspike,,Leaf,no,,,,Poison,,,,,,,,,,,,,,,0.5.0,VerySquishyJump,Floaty,Poison,
Mega Clover,159,Unique,Accessory,Nature,Ranger>Grovekeeper,10,,,,,,,,,,15:luckneeded,22:buffs,5:sales,20:uniques,,Leaf,,,,,BuffNoLuck,,,,,,,,,,,no,,,,0.9.0,VerySquishyJump,,,
Bowl of Treats,162,Unique,Food,Nature,Ranger>Beastmaster,10,,,,4,,20,,30,,2,25:foodspeed,100,,,Wood,,,,,Buff,,,,,,,,,,,no,,,,0.9.0,VerySquishyJump,,,
Rat,163,Common,Pet,Nature,no,4,,5,5,3.3,,75,10,,,15:petspeed,1:poison,1:blind,,,,,Healing Herbs>Rat Chef,Bowl of Treats,,Poison,,,,,,,,,,,,,,,0.9.0,VerySquishyJump,,,
Squirrel,164,Rare,Pet,Nature,no,5,,,,4,,,,,,15:petspeed,1:buffsteal,,,,,,Shortbow>Squirrel Archer,Bowl of Treats,,Buff,,,,,,,,,,,,,,,0.9.0,VerySquishyJump,Floaty,,
Hedgehog,165,Epic,Pet,Nature,no,6,,10,10,5,,,,,25,15:petspeed,0.5:dam_spikes,70:healtht,3:spikes,,,,Heroic Potion>Hyper Hedgehog,Bowl of Treats,,Spikes,,,,,,,,,,,,,,,0.9.0,VerySquishyJump,,,
Squirrel Archer,310,Epic,Ranged Weapon,"Pet,Nature,Effect",no,9,0,2,3,3.2,85,,,,,15:petspeed,,,,,,,,,,Buff,,Buff,,,,,,,,,no,,,,0.9.21,VerySquishyJump,,,
Rat Chef,311,Rare,Pet,Nature,no,8,,,,7,,,,,,15:petspeed,2:stamina,1:empower,,,,,,,,"Empower,Regeneration",,,,,,,,,,,no,,,,0.9.21,VerySquishyJump,,,
Hyper Hedgehog,423,Godly,Pet,"Holy,Nature",no,12,,10,10,5,,,,,35,15:petspeed,0.5:dam_spikes,70:healtht,4:spikes,1:dam_empower,,,,,,"Spikes,Empower",,,,,3:empower,,,,,,no,,,,1.0.0,VerySquishyJump,,Hyper,
Storage Coffin,68,Unique,Bag,,Reaper,20,,,,,,22,,,,,,,,,Wood,,,,,Poison,,,,,,,,,,,,,,,0.1.0,,,,
Relic Case,253,Unique,Bag,,Reaper,12,,,,2.3,,,,,,5:bonusdam,5:stamina,,,,Wood,,,,,,,,,,,,,,,,no,,,,0.9.16,,,,
Fly Agaric,21,Rare,Food,Nature,Reaper,3,,,,3.5,,,,,,1,,,,,Squishy,,Demonic Flask>Doom Cap,,,Poison,,,,,,,,,,,,,,,0.1.0,VerySquishyJump,Light,Poison,
Deck of Cards,75,Rare,Accessory,,Reaper,3,,,,,,,,50,,2,,,,,Paper,,,,Singular,Lucky,,,,,,,,,,,,,,,0.3.4,,,,
The Lovers,77,Common,Card,,no,3,,,,1.5,,,,,,7:dam,2:regen,100:lifesteal,6:healamp,,Paper,,,Deck of Cards,Lifesteal,Regeneration,,,,,,,,,,,,,,,0.3.4,,Floaty,,
Ace of Spades,76,Rare,Card,,no,3,,,,1.5,,,,,,0,2:luck,3:spikes,,,Paper,,,Deck of Cards,,"Spikes,Lucky",,,,,,,,,,,,,,,0.3.4,,Floaty,,
Reverse,241,Rare,Card,,no,3,,,,1.5,,,,,,3:reflect,3:steal,,,,Paper,,,Deck of Cards,,Buff,,,,,,,,,,,no,,,,0.9.0,,Floaty,,
White-Eyes Blue Dragon,78,Epic,Card,Ice,no,4,,,,1.5,,,,,12,6:blockpercard,4:cold,10:damfactor,,,Paper,,,Deck of Cards,,Cold,,,,,,,,,,,,,,,0.3.4,,Floaty,,
The Fool,240,Epic,Card,,no,1,,,,1.5,,,,,,50:revealspeed,1:empower,,,,Paper,,,Deck of Cards,,Empower,,,,,,,,,,,,,,,0.8.2,,Floaty,,
Holo Fire Lizard,79,Legendary,Card,Fire,no,5,,12,12,1.5,,,,,,4:dampercard,4:heat,8:damfactor,,,Paper,,,Deck of Cards,,Heat,,,,,,,,,,,,,,,0.3.4,,Floaty,,
Joker,245,Godly,Card,,no,4,,,,1.5,,,,,,7:buffs,25:stamina,2:cards,,,Paper,,,Deck of Cards,,Buff,,,,,,,,,,,no,,,,0.9.2,,Floaty,,
Darkest Lotus,80,Godly,Card,"Magic,Dark",no,5,,,,1.5,,,,,,4:mana,3:buffremoval,,,,Paper,,Blueberries+Blueberries>Death Lotus,Deck of Cards,,Mana,,Buff,,,,,,,,,,,,,0.3.4,,Floaty,,
Toad,274,Epic,Pet,"Magic,Nature",Reaper,6,,,,3.8,,,,,,10:gained,12:heal,10:used,1:luck,1:mana,,,"Fly Agaric>Poison Frog,Crown>Frog Prince",,,"Mana,Lucky",,,2,,1:luck2,1:mana2,,,,,no,,,,0.9.12,VerySquishyJump,,,
Death Scythe,44,Legendary,Melee Weapon,Dark,Reaper,12,0.8,6,10,1.4,90,65:crit,,,,25:poisont,,,,,Metal,,Whetstone>War Scythe,,,,,,2,,,,,,,,,,,,0.1.0,Slash,Dense,,
Demonic Flask,65,Godly,Potion,Dark,Reaper,7,,,,,,,,,,50,0.3:dam,,,,Glass,,Corrupted Crystal>Strong Demonic Flask,,,,,,5,,,,,,,,,,,,0.1.0,,,,
Poison Goobert,38,Epic,Pet,Nature,no,12,,,,,,,,,,5:activations,10:heal,4:poison,,,Slime,,Light Goobert+Steel Goobert+Blood Goobert>Rainbow Goobert,,,Poison,,,,,,,,,,,,,,,0.3.0,Squish,Slime,Poison,
Staff of Unhealing,56,Godly,Weapon,"Magic, Dark",no,17,1.3,,,2,,,,,,30:heal,4:manat,0,2:dur_unhealing,100:unhealing,Wood,,,,Staff,,Mana,,,,,,,,,,,,,,0.3.1,Wave,,,
Strong Pestilence Flask,170,Legendary,Potion,,no,10,,,,,,,,,,3,1,3.5:delay,3,,Glass,,,,,Poison,,,,,,,,,,,,,,,0.6.3,,,Poison,
Ruby Chonk,111,Godly,Ranged Weapon,"Pet,Fire,Effect",no,15,0,15,20,2.2,90,30,,,,12:heatt,0.4:dur_stun,,,,Dragon,,,,Dragon,Heat,,,,,,,,,,,,,,,0.3.6,SquishyJump,VeryDense,,
Doom Cap,295,Godly,Food,Dark,no,10,,,,3.1,,,,,,3:poison,10:healreduction,,,,Squishy,,,,,Poison,,,,,,,,,,,no,,,,0.9.20,VerySquishyJump,,,
Crow,421,Godly,Pet,"Nature,Dark,Musical",no,13,,,,3,,6,,,,6:speed,10:max,1:luck,,,,,,,,Lucky,,Lucky,,,,,,,,,no,,,,1.0.0,VerySquishyJump,,,
Poison Frog,427,Legendary,Pet,"Magic,Nature",no,9,,,,2.1,,,,,,10:gained,1:mana,2:poison,1:mana2,2:poison2,,,,,,"Poison,Mana",,,,,10:used,12:heal,,,,,no,,,,1.0.0,VerySquishyJump,,Poison,
Rainbow Goobert,74,Godly,Pet,"Vampiric, Holy, Nature",no,54,,,,,,,,,20,9:activations,40:heal,2,3:blind,4,Slime,,,,,"Poison, Vampirism,Blind",,,,,,,,,,,,,,,0.3.3,Squish,Slime,Rainbow,
Cursed Hair Comb,143,Unique,Accessory,Vampiric,Reaper>Vampiress,10,,,,,,,,,,6:vampirism,25:lifesteal,30:healamp,,8:lifesteal_scaling,Jewelry,,,,,Vampirism,,,,,,,,,,,,,,,0.5.0,SquishyJump,,,
Mr Struggles,144,Unique,Accessory,Dark,Reaper>Witch,10,,,,3,,25,,20,,1:fatigue,50:healtht,100:speedbonus,8:dur_speed,,Leather,,,,,Debuff,,,,,,,,,,,,,,,0.5.0,Struggle,Plush,Shaky,
Cursed Dagger,146,Unique,Melee Weapon,Dark,Reaper>Hexblade,10,0,4,7,2.8,95,1:crit,,,,2:debuffs,1:accuracy,,,,Stone,,,,,Debuff,,,,,,,,,,,,,,,0.5.0,Stab,,,
Snake,166,Unique,Pet,Nature,Reaper>Venomancer,10,,,,2.2,,4,,,,4:luck,2:poison,40:maxhealth,,,,,,,,"Poison,Lucky",,,,,,,,,,,no,,,,0.9.0,Hiss,,Poison,
Cauldron,167,Unique,Accessory,Magic,Reaper>Alchemist,10,,,,2.6,,,,,,20:heal,6:mana,5:heat,15:speedbonus,,Metal,,,,,"Mana,Heat",,,,,,,,,,,no,,,,0.9.0,SquishyJump,Dense,,
Mrs Struggles,242,Legendary,Accessory,Dark,no,7,,,,4.7,,,,,,10:bonusspeed,,,,,Leather,,,Mr Struggles,,,,Buff,,,,,,,,,no,,,,0.9.0,Struggle,Plush,,
Miss Fortune,243,Epic,Accessory,Dark,no,7,,,,2.1,,,,,,1:luck,3:buffs,,,,Leather,,,Mr Struggles,,Buff,Lucky,,,,,,,,,,no,,,,0.9.0,Struggle,Plush,,
Strong Demonic Flask,171,Godly,Potion,Dark,no,14,,,,,,,,,,50:opphpt,0.6:dam,30:healreduction,3:dur,25:ownhpt,Glass,,,,,,,,,,100:lifesteal,,,,,,no,,,,0.7.4,,,,
Strong Vampiric Potion,175,Godly,Potion,Vampiric,no,12,,,,,,,,,,80:healtht,5:vampirism,35:lifesteal,6:dur,,Glass,,,,,Vampirism,,,,,,,,,,,no,,,,0.9.0,,,,
Strong Divine Potion,177,Godly,Potion,Holy,no,15,,,,,,,,,,10:debufft,10:cleanses,8:buffs,,,Glass,,,,,Buff,,Debuff,,,,,,,,,no,,,,0.9.0,,,,
Fire Pit,113,Unique,Bag,,Pyromancer,20,,,,,,25,,,,5:maxhealth,,,,,Metal,,,,,,,,,,,,,,,,,,,,0.9.0,,,,
Portable Altar,254,Unique,Bag,,Pyromancer,8,,,,,,,,,,1:empower,,,,,Metal,,,,,,,,,,,,,,,,,,,,0.9.16,,Dense,,
Flame,114,Common,Accessory,Fire,Pyromancer,1,,,,,,,,,,,,,,,Fire,,,,,Heat,,,,,,,,,,"Anvil,Stone Badge",,,,,0.9.0,VerySquishyJump,Floaty,,
Chili Pepper,117,Rare,Food,Nature,Pyromancer,5,,,,4.5,,,,,,1:heat,5:heal,10:heatt,,,Squishy,,,,,Heat,,Debuff,,,,,,,,,,,,,0.9.0,VerySquishyJump,Light,,
Draconic Orb,120,Epic,Accessory,Fire,Pyromancer,8,,,,3.8,,,,,,15,3:crits,1,1,,Jewelry,,,,,Heat,,Spikes,4,,,,,,,,,,,,0.9.0,SquishyJump,BouncyDense,,
Phoenix,115,Legendary,Ranged Weapon,"Pet,Fire,Effect",Pyromancer,10,0,15,20,2.5,85,,,,,10:selfdam,6:reincarnate_health,,,,Fire,,Flame+Flame+Flame+Flame>Phoenix2,,,,Heat,,,,,,,,,,,,,,0.9.0,SquishyJump,Floaty,,
Burning Sword,228,Epic,Melee Weapon,Fire,no,9,1,2,4,1.6,90,60,,,,1:heat,7:heatt,1:bonusdam,,,Metal,,Whetstone+Whetstone>Burning Blade,,,Heat,,,,,,,,,,,,,,,0.9.0,Slash,,,
Burning Blade,116,Legendary,Melee Weapon,Fire,no,17,1,8,10,1.6,90,,,,,1:heat,6:heatt,1:bonusdam,,,Fire,,,,,Heat,,,,,,,,,,,,,,,0.9.0,Slash,,,
Sun Armor,224,Godly,Armor,"Holy, Fire",no,14,,,,3,,,,,70,1:heat,1:heatt,12:heal,2:cleanse,,Metal,,,,,Heat,Heat,Debuff,,,,,,,,,,,,,0.9.0,,Dense,,
Sun Shield,225,Godly,Shield,"Holy, Fire",no,13,,,,,,30,,,,18:damblock,0.7:stamina,12:blockt,4:dam,,Metal,,,,,,,,,,,,,,,,,,,,0.9.0,Block,Dense,,
Molten Dagger,211,Epic,Melee Weapon,Fire,no,6,0,3,7,3.5,95,,,,,1,2,,,,Metal,,,,,,Heat,,,,,,,,,,,,,,0.9.0,Stab,,,
Molten Spear,212,Epic,Melee Weapon,Fire,no,8,1,3,8,1.5,65,,,,,1:heatt,5:missdam,5:blockremoval,,,Metal,,Flame+Flame+Flame+Flame>Molten Spear2,,,,Heat,,,,,,,,,,,,,,0.9.0,Stab,,,
Staff of Fire,121,Legendary,Ranged Weapon,"Fire,Magic",no,18,1,10,12,1.8,90,,,,,2,2,6:bonusdam,,,Wood,,,,Staff,,"Mana,Heat",,,,,,,,,,,,,,0.9.0,Wave,,,
Flame Whip,122,Legendary,Melee Weapon,Fire,no,10,1.5,6,10,1.7,90,,,,,1:spikes,4:heat,8:bonusdam,,,Squishy,,,,,Heat,Spikes,,,,,,,,,,,,,,0.9.0,Slash,,,
Chili Goobert,205,Epic,Pet,Nature,no,11,,,,,,,,,,6:activations,16:heal,2:heat,,,Slime,,Light Goobert+Steel Goobert+Blood Goobert>Rainbow Goobert Pyromancer,,,Heat,,Debuff,,,,,,,,,,,,,0.9.0,Squish,Slime,,
Obsidian Dragon,123,Godly,Ranged Weapon,"Pet,Fire,Effect",no,18,0,11,16,2.1,90,,,,,5:heatt,2:dambonus,,,,Dragon,,,,Dragon,,,,,,,,,,,,,,,,0.9.0,SquishyJump,Dense,,
Molten Greatsword,425,Godly,Melee Weapon,Fire,no,18,5,40,50,5,90,,,,,5:empowert,1.5:stamina,2:cd,2:heat,4:empower,Metal,,,,,Empower,Heat,,,,10:fire,,,,,,,,,,1.0.0,Chop,,,
Fire Shelly,426,Epic,Pet,"Fire,Holy,Nature",no,8,,,,12,,25:cleanse,,,,6:debuffs,40:heal,30:speed,2:heat,,Squishy,,,,,Heat,,Debuff,,,,,,,,,,,,,1.0.0,VerySquishyJump,,,
Rainbow Goobert Pyromancer,219,Godly,Pet,"Vampiric, Holy, Nature",no,53,,,,,,,,,20,9:activations,40:heal,2,4,4,Slime,,,,,"Vampirism,Blind,Heat",,,,,3:blind,,,,,,,,,,0.9.0,Squish,Slime,Rainbow,
Friendly Fire,154,Unique,Pet,"Magic,Fire",Pyromancer>Firebender,10,,100,100,2.9,,,,,,1:manat,2:heat,10:speed,20:heatt1,5:luck,Fire,,,,,"Heat,Regeneration,Lucky",Mana,,,,40:heatt2,15:regen,60:heatt3,,,,,,,,0.9.0,VerySquishyJump,Floaty,,
Burning Banner,155,Unique,Accessory,"Holy,Fire",Pyromancer>Crusader,10,,,,4.2,,80:blind,25,,,5:dur_blind,2:buffs,2:regen,,,Leather,,,,,"Regeneration,Blind",,Buff,,,,,,,,,,,,,0.9.0,SquishyJump,Floaty,,
Dark Lantern,158,Unique,Accessory,"Dark,Fire",Pyromancer>Ashbringer,10,,5,5,,,,,,,50,50,1.3:dur_invu,,7:debuffs,Metal,,,,,Debuff,,,,,,,,,,,,,,,0.9.0,,,,
Frozen Flame,185,Unique,Accessory,Ice,Pyromancer>Cryomancer,10,,,,,,1.5:crit,,15,25,6:heat,2:cold,2:critdam,,,Ice,,,,,Cold,,,,,,,,,,,,,,,0.9.0,,Ice,,
Dragon Nest,195,Unique,Accessory,,Pyromancer>Scalewarden,10,,,,,,,,20,,8:heal,4:luck,4:regen,8:mana,4:heat,Leather,,,,,"Lucky,Regeneration,Mana,Heat",,,,,,,,,,,,,,,0.9.0,SquishyJump,Plush,,
Spell Scroll Frostbolt,178,Rare,Spell,"Ice,Magic",no,4,,5,5,3,,,,,,3,,4:cold,3:dur_cold,,Paper,,,Frozen Flame,,Cold,,,,,,,,,,,,,,,0.9.0,VerySquishyJump,,,
Ice Armor,180,Epic,Armor,Ice,no,11,,,,4.7,,,,,100,4,1,2,10,,Ice,,,Frozen Flame,,Cold,Heat,,,,,,,,,,,,,,0.9.0,,Ice,,
Frozen Buckler,181,Epic,Shield,Ice,no,8,,,,,,30,,,,12:damblock,0.9:stamina,1,10,,Ice,,,Frozen Flame,,Cold,,,,,,,,,,,,,,,0.9.0,Block,Ice,,
Frostbite,184,Legendary,Melee Weapon,"Ice,Vampiric",no,11,1,4,7,1.7,90,45,,,,1,0.4:dam,30,12:vampirism,,Ice,,,Frozen Flame,,"Vampirism,Cold",,,,,,,,,,,,,,,0.9.0,Slash,Ice,,
Ice Dragon,236,Godly,Ranged Weapon,"Pet,Ice,Effect",no,14,0,15,20,2.1,90,,,,90,1:cold,10:coldt,20:damfactor,,,Dragon,,,Frozen Flame,Dragon,Cold,,,,,,,,,,,no,,,,0.9.0,,Ice,,Reaper
Emerald Egg,196,Legendary,Pet,,no,10,,,,,,,,,,3,2,,,,Stone,,,Dragon Nest,,Lucky,,,,,,,,,,,,,,,0.9.0,SquishyJump,Dense,,
Emerald Whelp,197,Godly,Ranged Weapon,"Pet,Effect",no,14,0,5,10,2.1,90,,,,,3,3,,,,Dragon,,,Emerald Egg,Dragon,"Lucky,Poison",,,,,,,,,,,,,,,0.9.0,SquishyJump,Dense,,
Sapphire Egg,198,Legendary,Pet,Magic,no,10,,,,,,,,,,6:mana,2,,,,Stone,,,Dragon Nest,,Mana,,,,,,,,,,,,,,,0.9.0,SquishyJump,Dense,,
Sapphire Whelp,199,Godly,Ranged Weapon,"Pet,Magic,Effect",no,14,0,5,10,2.1,90,,,,10,6:mana,1:manat,,,,Dragon,,,Sapphire Egg,Dragon,Buff,Mana,,,,,,,,,,,,,,0.9.0,SquishyJump,Dense,,
Amethyst Egg,200,Legendary,Pet,Dark,no,10,,,,,,,,,,4,2,,,,Stone,,,Dragon Nest,,Debuff,,,,,,,,,,,,,,,0.9.0,SquishyJump,Dense,,
Amethyst Whelp,201,Godly,Ranged Weapon,"Pet,Dark,Effect",no,14,0,5,10,2.1,90,,,,,4,,,,,Dragon,,,Amethyst Egg,Dragon,Debuff,,Buff,,,,,,,,,,,,,0.9.0,SquishyJump,Dense,,
Berserker Bag,129,Unique,Bag,,Berserker,16,,,,,,,,,,50:healtht,5:dur_rage,35:speed_rage,25:damresistance,,Leather,,,,BattleRage,,,,,,,,,,,,,,,,0.9.0,,,,
Toolbox,255,Unique,Bag,,Berserker,18,,,,5,,,,,,30:dambonus,30:speedreduction,5.5:dur_rage,35:lifesteal,,Metal,,,,BattleRage,,,,,,,,,,,,no,,,,0.9.16,,,,
Forging Hammer,130,Unique,Melee Weapon,,Berserker,3,0,2,5,3.5,95,,,,,1,,,,,Metal,,,,,,,,,,,,,,,,,,,,0.9.0,Bonk,Dense,,
Axe,132,Rare,Melee Weapon,,Berserker,6,1.4,3,6,2,85,,,,,1,,,,,Metal,,"Axe>Double Axe,Whetstone3+Spear>Halberd",,,,,,,,,,,,,,,,,,0.9.0,Slash,Dense,,
Spiked Collar,131,Legendary,Accessory,,Berserker,6,,,,,,,,,,2:dur_rage,1:spikes,,,,Jewelry,,,,,Spikes,,,,,,,,,,,,,,,0.9.0,SquishyJump,,,
Cheese,203,Legendary,Food,Nature,Berserker,8,,,,3.8,,,,,,10:maxhealth,1,,,,Squishy,,,,,Buff,,,,,,,,,,,,,,,0.9.0,VerySquishyJump,Light,,
Double Axe,133,Epic,Melee Weapon,,no,12,2,6,12,1.8,85,,,,,2,3,,,,Metal,,,,,,,,,,,,,,,,,,,,0.9.0,Slash,Dense,Steel,
Chain Whip,134,Legendary,Melee Weapon,Holy,no,8,2.1,4,9,2.4,85,,,,,2:purge,15:heal,1:bonusdam,,,Metal,,,,,,,Buff,,,,,,,,,,,,,0.9.0,Slash,Dense,Steel,
Dragonscale Armor,135,Epic,Armor,,no,7,,,,,,,,,45,8:damreduction,,,,,Leather,,,,,,,,,,,,,,,,,,,,0.9.0,SquishyJump,,,
Dragon Claws,136,Epic,Gloves,,no,4,,,,,,10,,,,40,,,,,Leather,,,,,,,,,,,,,,,,,,,,0.9.0,SquishyJump,,,
Dragonskin Boots,153,Epic,Shoes,,no,6,,,,,,20,,,20,3,1,,,,Leather,,,,,Empower,,,,,,,,,,,,,,,0.9.0,SquishyJump,,,
Busted Blade,152,Godly,Melee Weapon,,no,14,5,40,50,5,95,,,,,5:empowerdam,3:buffedstam,2.5:buffedcd,,,Metal,,,,,,,,,,,,,,,,,,,,0.9.0,Chop,Dense,Steel,
Spiked Staff,259,Legendary,Melee Weapon,Magic,no,16,1,10,12,1.8,90,,,,,3:mana,2:empower,5:spikes,,,Wood,,,,Staff,"Empower,Spikes",Mana,,,,,,,,,,,,,,0.9.8,Bonk,,,
Cheese Goobert,204,Godly,Pet,Nature,no,14,,,,,,,,,,5:activations,22:maxhealth,2,,,Slime,,Light Goobert+Steel Goobert+Blood Goobert>Rainbow Goobert Berserker,,,Buff,,,,,,,,,,,,,,,0.9.0,Squish,Slime,,
Spiked Wall,428,Godly,Shield,,no,14,,,,,,30,,,,15:damblock,0.3:stamina,3:spikes,12:maxspikes,30:staminaregen,Wood,,,,,Spikes,,,,,2:dur_rage,30:spikedam,,,,,,,,,1.0.0,Block,Dense,,
Rainbow Goobert Berserker,220,Godly,Pet,"Vampiric, Holy, Nature",no,56,,,,,,,,,20,9:activations,40:maxhealth,2,2,4,Slime,,,,,Buff,,,,,3:blind,,,,,,,,,,0.9.0,Squish,Slime,Rainbow,
Anvil,147,Unique,Accessory,,Berserker>Blacksmith,10,,,,,,,,,,1:bonusdam,5:stamina,,,,Metal,,,,,,,,,,,,,,,,,,,,0.9.0,,VeryDense,,
Deer Totem,148,Unique,Accessory,"Nature,Magic",Berserker>Chieftain,10,,,,1,,,,,,15:damreduction,0.8:dur_rage,8:heal,3:mana,,Wood,,,,,Mana,,,,,,,,,,,,,,,0.9.0,SquishyJump,,,
Wolf Emblem,137,Unique,Accessory,,Berserker>Pack Leader,10,,,,2.3,,10:critchance,12:critperpet,25,10,1:empower,10:blockt,,,,Metal,,,,,Empower,,,,,,,,,,,,,,,0.9.0,SquishyJump,,Steel,
Shaman Mask,186,Unique,Accessory,,Berserker>Shaman,10,,,,3.8,,,,16,,1,2,5,,,Wood,,,,,Buff,Lucky,,,,,,,,,,,,,,0.9.0,SquishyJump,,,
Brass Knuckles,202,Unique,Melee Weapon,,Berserker>Fighter,10,0,3,5,2.6,90,50,5:crit,,,0.3:dur_stun,5:accuracy,,50:ragespeed,,Metal,,,,,,,,,,,,,,,,,,,,0.9.0,Stab,Dense,,
Courage Puppy,149,Legendary,Melee Weapon,"Pet,Nature,Effect",no,7,0,5,7,3.5,95,,,,,2,,,,,,,Forging Hammer*>Armored Courage Puppy,Wolf Emblem,,,,,,,,,,,,,,,,,0.9.0,VerySquishyJump,Floaty,Dog,
Wisdom Puppy,150,Legendary,Pet,Nature,no,7,,,,4,,,,,10,1,15,,,,,,Forging Hammer*>Armored Wisdom Puppy,Wolf Emblem,,,,Cold,,,,,,,,,,,,,0.9.0,VerySquishyJump,Floaty,Dog,
Power Puppy,151,Legendary,Pet,Nature,no,7,,,,3.2,,,,,,1,1,1,10,,,,Forging Hammer*>Armored Power Puppy,Wolf Emblem,,"Lucky,Regeneration,Empower",,,,,,,,,,,,,,,0.9.0,VerySquishyJump,Floaty,Dog,
Armored Courage Puppy,221,Godly,Melee Weapon,"Pet,Nature,Effect",no,7,0,7,9,3.5,95,,,,,2,,,,,,,,,,,,,,,,,,,,,,,,,0.9.0,SquishyJump,Dense,Dog2,
Armored Wisdom Puppy,222,Godly,Pet,Nature,no,7,,,,4,,,,,14,1,15,1,,,,,,,,,,Cold,,,,,,,,,,,,,0.9.0,SquishyJump,Dense,Dog2,
Armored Power Puppy,223,Godly,Pet,Nature,no,7,,,,2.8,,,,,,1,1,1,10,20,,,,,,"Lucky,Regeneration,Empower",,,,,,,,,,,,,,,0.9.0,SquishyJump,Dense,Dog2,
Badger Rune,187,Legendary,Gem,,no,4,,,,,,,,,,3:attackspeed,7:damreduction,10:stamina,,,Stone,,,Shaman Mask,,,,,,,,,,,,,,,,,0.9.0,,,,
Elephant Rune,188,Legendary,Gem,,no,4,,,,3,,25,40,,,0.5:dur_stun,4:dur_resist,50:maxhealth,,,Stone,,,Shaman Mask,,,,,,,,,,,,,,,,,0.9.0,,,,
Hawk Rune,189,Legendary,Gem,,no,4,,,,2.4,,40,,,,12:critchance,15:critdam,,,,Stone,,,Shaman Mask,,Blind,,,,,,,,,,,,,,,0.9.0,,,,
Tiger Rune,190,Legendary,Gem,,no,4,,,,,,11:buffs,,,,1:vampirism,10:buffs,5:block,50:chance_vamp,,Stone,no,,Shaman Mask,,,,,,,,,,,,,,,,,1.0.0,,,,
Unidentified Skill,439,Unique,Skill,,"Neutral 1,2",3,,,,,,,,,,,,,,,Paper,,,,,,,,,,,,,,,,no,,,,1.0.0,Scale,,,
Just Stats,362,Unique,Skill,,Neutral 1,5,,,,,,,,,,12:maxhealth,10:stamina,,,,Paper,,,,,,,,,,,,,,,,no,,,,0.9.24,VerySquishyJump,,,
Spicy Banana,287,Unique,Skill,Nature,Neutral 1,5,,,,,,65:heat,,,,2:heat,1:stamina,3:heal,,,Paper,,,,,Heat,,,,,,,,,,,no,,,,0.9.20,VerySquishyJump,,,
Smelly Barrier,288,Unique,Skill,Nature,Neutral 1,5,,,,,,,,,,5:blockbonus,13:blockt,1:poison,,,Paper,,,,,Poison,,,,,,,,,,,no,,,,0.9.20,VerySquishyJump,,,
Piggy Pinata,290,Unique,Skill,,Neutral 1,5,,,,,,5:crit,,30,,,,,,,Paper,no,,,,,,,,,,,,,,,no,,,,0.9.20,VerySquishyJump,,,
Investment Opportunity,291,Unique,Skill,,Neutral 1,5,,,,,,,,,,1:gold,7:maxhealth,,,,Paper,no,,,,,,,,,,,,,,,no,,,,0.9.20,VerySquishyJump,,,
Slime Time,297,Unique,Skill,,Neutral 1,5,,,,1.7,,,,10,,,,,,,Paper,,,,,,,,,,,,,,,,no,,,,0.9.20,Squish,,,
Goobling,296,Common,Pet,,no,2,,,,,,,,,,3:activations,4:heal,,,,Slime,,Goobling>Goobert,Slime Time,,,,,,,,,,,,,no,,,,0.9.20,Squish,,,
Smithing For Dummies,307,Unique,Skill,,Neutral 1,5,,,,,,,,,,1:dam,35:stamina,,,,Paper,no,,,,,,,,,,,,,,,no,,,,0.9.20,Scale,,,
Uniquely Unique,364,Unique,Skill,,Neutral 1,5,,,,,,,,,,20:speed,10:speed2,65:uniques,2:uniquest,,Paper,no,,,,,,,,,,,,,,,no,,,,0.9.24,VerySquishyJump,,,
Dig Deeper,369,Unique,Skill,,Neutral 1,5,,,,,,,,,,2:blind,,,,,Paper,,,,,Blind,,,,1.5,,,,,,,no,,,Shovel,0.9.28,VerySquishyJump,,,
Knife to Meet You,370,Unique,Skill,,Neutral 1,5,,,,12,,,,,,40:speed,50:dam,60:speed2,,,Paper,,,,,,,,,,,,,,,,no,,,,0.9.28,VerySquishyJump,,,
Extra Bags,292,Unique,Skill,,Neutral 1,5,,,,,,,,,,45:sales,2:bagweight,15:speed,,,Paper,no,,,,,,,,,,,,,,,no,,,,0.9.20,VerySquishyJump,,,
Shielded,299,Unique,Skill,,"Neutral 1,2",5,,,,,,,,,,30:chance,60:speed,,,,Paper,no,,,,,,,,,,,,,,,no,,,,0.9.20,VerySquishyJump,,,
Stoned,300,Unique,Skill,,"Neutral 1,2",5,,,,,,,,,,65:blockfordam,22:damreduction,,,,Paper,no,,,,,,,,,,,,,,,no,,,,0.9.20,VerySquishyJump,,,
Thornburst,365,Unique,Skill,,"Neutral 1,2",5,,,,6.5,,,,,,0.3:dur_stun,2:spikes,5:max,5:speed,,Paper,,,,,Spikes,,,,,,,,,,,no,,,,0.9.24,VerySquishyJump,,,
Heavy Drinking,356,Unique,Skill,,"Neutral 1,2",5,,,,10,,,,,,90:speed,,,,,Paper,,,,,,,,,,,,,,,,no,,,,0.9.24,VerySquishyJump,,,
Mana Mastery,305,Unique,Skill,Magic,"Neutral 1,2",5,,,,4.5,,,,,,20:buffs,3:mana,25:speed,,,Paper,,,,,Mana,,,,,,,,,,,no,,,,0.9.20,VerySquishyJump,,,
Power of the Moon,306,Unique,Skill,Magic,"Neutral 1,2",5,,,,,,,,,,6:time,2:blind,70:maxhealth,,,Paper,,,,,Blind,,,,,,,,,,,no,,,,0.9.20,VerySquishyJump,,,
Girl Power,359,Unique,Skill,,"Neutral 1,2",5,,,,7,,,,,,2:regen,2:empower,35:speed,,,Paper,,,,,"Empower,Regeneration",,,,,,,,,,,no,,,,0.9.24,VerySquishyJump,,,
Blood Manipulation,360,Unique,Skill,Vampiric,"Neutral 1,2",5,,,,4,,,,,,15:unhealing,1:vampirism,30:speed,,,Paper,,,,,Vampirism,,,,,,,,,,,no,,,,0.9.24,VerySquishyJump,,,
Echoing Battlecry,383,Unique,Skill,,"Neutral 1,2",5,,,,14,,,,,,65:speed,,,,,Paper,,,,,,,,,,,,,,,,no,,,,0.9.33,VerySquishyJump,,,
Enchanted Weapons,385,Unique,Skill,,"Neutral 1,2",5,,,,5.2,,25,,,,1:buffs,,,,,Paper,,,,,Buff,,,,,,,,,,,no,,,,0.9.33,VerySquishyJump,,,
No Rush Please,386,Unique,Skill,,"Neutral 1,2",5,,,,,,,,,,35:damreduction,10:dur,5:cold,,,Paper,,,,,Cold,,,,,,,,,,,no,,,,0.9.33,VerySquishyJump,,,
Double Rainbow,388,Unique,Skill,,"Neutral 1,2",5,,,,6,,20,,,,35:speed,,,,,Paper,,,,,Buff,,,,,,,,,,,no,,,,0.9.37,VerySquishyJump,,Rainbow,
False Life,390,Unique,Skill,Dark,"Neutral 1,2",5,,,,7,,,,,,20:healthamp,10:heal,4:heal_dark,,,Paper,,,,,,,,,,,,,,,,no,,,,0.9.37,VerySquishyJump,,,
Fortunas Kiss,438,Unique,Skill,,"Neutral 1,2",5,,,,3.5,,,,,,35:chance,5:luckt,,,,Paper,,,,,Buff,,,,,,,,,,,no,,,,1.0.0,VerySquishyJump,,,
More Stats,363,Unique,Skill,,Neutral 2,5,,,,,,,,,,12:maxhealth,5:dam,,,,Paper,,,,,,,,,,,,,,,,no,,,,0.9.24,VerySquishyJump,,,
Bagtacular,361,Unique,Skill,,Neutral 2,5,,,,,,,,,,7:speed,7:stamina,2:buffs,15:block,,Paper,no,,,,,,,,,,,,,,,no,,,,0.9.24,VerySquishyJump,,,
Buy the Holy Light,357,Unique,Skill,Holy,Neutral 2,5,,,,,,,,,,40:speed,20:sales,,,,Paper,no,,,,,,,,,,,,,,,no,,,,0.9.24,VerySquishyJump,,,
Hardwood,301,Unique,Skill,,Neutral 2,5,,,,,,,,,22,165:dam,,,,,Paper,,,,,,,,,,,,,,,,no,,,,0.9.20,VerySquishyJump,,,
Time Melting,382,Unique,Skill,,Neutral 2,5,,,,,,,,,,5:heat,60:bonusdur,,,,Paper,,,,,Heat,,,,,,,,,,,no,,,,0.9.33,VerySquishyJump,,,
Full Body Protection,389,Unique,Skill,,Neutral 2,5,,,,4,,,,,10,8:damreduction,35:block,,,,Paper,,,,,,,,,,,,,,,,no,,,,0.9.37,VerySquishyJump,,,
Markswoman,294,Unique,Skill,,Ranger 1,5,,,,,,,,,,20:dam,40:speed,15:acc,,,Paper,no,,,,,,,,,,,,,,,no,,,,0.9.20,VerySquishyJump,,,
Acorn Ace,286,Unique,Skill,Nature,Ranger 2,5,,,,,,,,,,10:stamina,75:stamina2,,,,Paper,no,,,,,,,,,,,,,,,no,,,,0.9.20,VerySquishyJump,,,
Mushroom Farm,289,Unique,Skill,Nature,Reaper 1,5,,,,,,,,,,2:num,50:speed,,,,Paper,no,,,,,,,,,,,,,,,no,,,,0.9.20,VerySquishyJump,,,
Heart of the Cards,358,Unique,Skill,,"Reaper 1,2",5,,,,,,,,,,6:mana,3:regen,3:pos,,,Paper,,,,,"Mana,Regeneration",,,,1.2,,,,,,,no,,,Deck of Cards,0.9.24,VerySquishyJump,,,
Dark Ritual,304,Unique,Skill,Dark,Reaper 2,5,,,,17,,,,,,20:debuffs,12:vampirism,35:speed,,,Paper,,,,,"Vampirism,Debuff",,,,,,,,,,,no,,,,0.9.20,VerySquishyJump,,,
Extra Angy,293,Unique,Skill,,Berserker 1,5,,,,1,,,,,,100:dur,,,,,Paper,,,,,,,,,,,,,,,,,,,,0.9.20,VerySquishyJump,,,
Dragon Set,303,Unique,Skill,,Berserker 2,5,,,,0.7,,,,,,1:heat,2:lifesteal,30:max,,,Paper,,,,,Heat,,,,,,,,,,,,,,,0.9.20,VerySquishyJump,,,
Everburning,298,Unique,Skill,Fire,Pyromancer 1,5,,,,7,,,,,,1:heat,60:stamina,,,,Paper,,,,,Heat,,,,,,,,,,,,,,,0.9.20,VerySquishyJump,,,
Solaris,302,Unique,Skill,Holy,Pyromancer 2,5,,,,,,60,20:heatdup,,16,1:heat,,,,,Paper,,,,,Heat,,,,,,,,,,,,,,,0.9.20,VerySquishyJump,,,
Arcane Intellect,414,Unique,Skill,Magic,Mage 1,5,,,,,,,,50:restock,,50:bookchance,30:speed,,,,Paper,,,,,,,,,,,,,,,,,,,,1.0.0,VerySquishyJump,,,
Ultima,415,Unique,Skill,Magic,Mage 2,5,,,,10,,,,,15,2:luck,2:spikes,2:cold,3:regen,75:speed,Paper,,,,,"Buff,Cold",,Buff,,,,,,,,,,,,,1.0.0,VerySquishyJump,,Rainbow,
Level Up,412,Unique,Skill,,Adventurer 1,5,,,,5,,,,,,10:maxhealth,1:stamina,1:mana,1:luck,10:speed,Paper,,,,,"Mana,Lucky",,,,,3:skillround,,,,,,,,,,1.0.0,VerySquishyJump,,,
Dual Wielding,413,Unique,Skill,,Adventurer 2,5,,,,,,,,,,20:speed,30:stamina,,,,Paper,no,,,,,,,,,,,,,,,,,,,1.0.0,VerySquishyJump,,,
Scholar Bag,347,Unique,Bag,,Mage,16,,,,,,30,50,,,5:mana,,,,,Leather,,,,,Mana,,,,,,,,,,,,,,,1.0.0,,,,
Puzzlebox,403,Unique,Bag,,Mage,16,,,,5,,,,75,,20:speed,50:speed2,,,,Wood,,,,,,,,,,,,,,,,,,,,1.0.0,,,,
Chess Board,312,Rare,Accessory,,Mage,2,,,,0.9,,,,70,,2:gold,,,,,Wood,,,,Singular,,,,,,,,,,,,,,,,1.0.0,VerySquishyJump,,,
White Pawn,313,Common,Chess Piece,,no,1,,,,,,,,,,1:luck,2:regen,,,,Wood,,,Chess Board,,"Regeneration,Lucky",,,,,,,,,,,,,,,1.0.0,,,,
Black Pawn,314,Common,Chess Piece,,no,1,,,,,,,,,,3:mana,2:poison,,,,Wood,,,Chess Board,,"Mana,Poison",,,,,,,,,,,,,,,1.0.0,,,,
White Knight,315,Rare,Chess Piece,,no,3,,,,,,,,,,50:speed,2.5:stamina,,,,Wood,,,Chess Board,,,,,,,,,,,,,,,,,1.0.0,,,,
Black Knight,316,Rare,Chess Piece,,no,3,,,,,,,,,,3:vampirism,2.5:stamina,,,,Wood,,,Chess Board,,Vampirism,,,,,,,,,,,,,,,1.0.0,,,,
White Bishop,317,Rare,Chess Piece,,no,3,,,,,,,,,,10:cleanse,25:healamp,,,,Wood,,,Chess Board,,,,Debuff,,,,,,,,,,,,,1.0.0,,,,
Black Bishop,318,Rare,Chess Piece,,no,3,,,,,,,,,,5:debuffs,20:healreduction,20:healthreduction,,,Wood,,,Chess Board,,Debuff,,,,,,,,,,,,,,,1.0.0,,,,
White Rook,319,Epic,Chess Piece,,no,5,,,,,,,,,35,35:dam,3:dur,,,,Wood,,,Chess Board,,,,,,,,,,,,,,,,,1.0.0,,,,
Black Rook,320,Epic,Chess Piece,,no,5,,,,,,,,,,3:spikes,35:crit,3:dur,,,Wood,,,Chess Board,,Spikes,,,,,,,,,,,,,,,1.0.0,,,,
White Queen,321,Legendary,Chess Piece,,no,9,,,,,,,,,,8:heat1,1.3:dur,2:heat2,,,Wood,,,Chess Board,,Heat,,,,,,,,,,,,,,,1.0.0,,,,
Black Queen,322,Legendary,Chess Piece,,no,9,,,,,,,,,,4:buffs,1.3:dur,,,,Wood,,,Chess Board,,Buff,,Buff,,,,,,,,,,,,,1.0.0,,,,
White King,323,Godly,Chess Piece,,no,5,,,,,,,,,,1:empower,2:buffs,,,,Wood,,,Chess Board,,Buff,,,,,,,,,,,,,,,1.0.0,,,,
Black King,324,Godly,Chess Piece,,no,5,,,,,,,,,,5:speed,2:buffs,,,,Wood,,,Chess Board,,,,Buff,,,,,,,,,,,,,1.0.0,,,,
Wand,422,Common,Accessory,Magic,Mage,4,,,,3.3,,,,,,10:manat,10:luckt,10:regent,1:empower,1:use,Wood,,"Rainbow Orb>Prismatic Wand,Book of Darkness>Wand of Dissonance",,,"Lucky,Mana,Regeneration,Empower","Lucky,Mana,Regeneration",,,,,,,,,,,,,,1.0.0,Wave,,,
Book of Basics,435,Common,Book,Magic,Mage,4,,,,5,,,,10,,1:manat,8:maxhealth,3:maxhealth_spell,,,Paper,,,,,,Mana,,3,,,,,,,,,,,,1.0.0,VerySquishyJump,,,
Cupcake,339,Legendary,Food,Magic,Mage,5,,,,6,,,,,,10:heal,2:buffs,,,,Squishy,,,,,Buff,,,3,,,,,,,,,,,,1.0.0,VerySquishyJump,,,
Spell Scroll Ice,325,Legendary,Spell,"Ice,Magic",Mage,5,,,,,,30,,,2,1:cold,7:max,,,,Paper,,Spell Scroll Light>Magic Mirror,Frozen Flame,,Cold,,,,,,,,,,,,,,,1.0.0,VerySquishyJump,,,Mage
Spell Scroll Nature,326,Rare,Spell,"Nature,Magic",Mage,5,,,,,,,,,,4:staminat,1:mana,1:stamina,,,Paper,,"Spell Scroll Ice>Ice Flower,Spell Scroll Light>Light Flower,Spell Scroll Dark>Death Lotus",,,,Mana,,,,,,,,,,,,,,1.0.0,VerySquishyJump,,,
Spell Scroll Light,327,Epic,Spell,"Holy,Magic",Mage,5,,,,2.4,,,,,,8:heal,,,10:speed,,Paper,,Spell Scroll Dark>Null Blade,,,,,Debuff,,,,,,,,,,,,,1.0.0,VerySquishyJump,,,
Spell Scroll Dark,328,Godly,Spell,"Dark,Magic",Mage,5,,,,3,,,,,,10:speed,15:speed_dark,10:max,,,Paper,,Spell Scroll Ice>Devouring Sphere,,,Blind,,,,,,,,,,,,,,,1.0.0,VerySquishyJump,,,
Book of Nature,329,Epic,Book,"Nature,Magic",Mage,6,,,,2.3,,,,,,1:regen,1:luck,2:spikes,10:speed,,Paper,,,,,"Spikes,Lucky",Regeneration,,3,,,,,,,,,,,,1.0.0,VerySquishyJump,,,
Book of Darkness,330,Legendary,Book,"Dark,Magic",Mage,6,,,,2.6,,,,,,8:health,3:mana,1:blind,10:speed,,Paper,,,,,"Mana,Blind",,,3,,,,,,,,,,,,1.0.0,VerySquishyJump,,,
Book of Light,57,Godly,Book,"Holy,Magic",Mage,6,,,,3,,,,,,1:mana,1:regen,12:heal,10:speed,,Paper,,,,,Regeneration,Mana,,3,,,,,,,,,,,,1.0.0,VerySquishyJump,,,
Book of Ice,179,Rare,Book,"Ice,Magic",Mage,6,,,,2.8,,,,,,1:mana,2:cold,,10:speed,,Paper,,,Frozen Flame,,Cold,Mana,,3,,,,,,,,,,,,1.0.0,VerySquishyJump,,,Mage
Book of Ice New,331,Rare,Book,"Ice,Magic",no,6,,,,3,,,,,,1:mana,2:cold,,10:speed,,Paper,,,,,Cold,Mana,,,,,,,,,,nooo,,,,10.0.0,VerySquishyJump,,,
Magic Mirror,332,Godly,Spell,"Holy,Ice,Magic",no,10,,,,6,,20,2,,,20:buffs,20:max,,,,Ice,,,Frozen Flame,,Buff,,,,,,,,,,,,,,,1.0.0,,Ice,,Mage
Ice Flower,333,Godly,Spell,"Nature,Ice,Magic",no,10,,,,,,30:cold,50:mana,,17,1:manat,3:cold,1:mana,,,Ice,no,,Frozen Flame,,"Mana,Cold",Mana,,,,,,,,,,,,,,1.0.0,,Light,,Mage
Light Flower,334,Legendary,Spell,"Food,Holy,Nature,Magic",no,10,,,,2,,20:base,5:light,,,1:manat,3:debuffs,1:luck,1:regen,,,,,,,"Lucky,Regeneration",Mana,Debuff,,,,,,,,,,,,,1.0.0,VerySquishyJump,Light,,
Death Lotus,335,Godly,Spell,"Dark,Nature,Magic",no,10,,,,3,,,,,,4:mana,3:buffs,1:luckt,10:speed,1.5:stamina,,,,,,Mana,Lucky,Buff,,,,,,,,,,,,,1.0.0,VerySquishyJump,Light,,
Null Blade,348,Godly,Melee Weapon,"Dark,Holy,Spell,Magic",no,10,1,10,12,1.7,90,,,,,1:luckt,2:dam,1:regent,3:buffs,5:speed,,,,,,,"Lucky,Regeneration",Buff,,,,,,,,,,,,,1.0.0,Slash,BlackHole,,
Devouring Sphere,420,Godly,Spell,"Dark,Ice,Magic,Vampiric",no,10,,,,1.4,,,,,,1:vampirism,100:lifesteal,1:speed_cold,2:speed_blind,10:dam,,,,Frozen Flame,Lifesteal,Vampirism,,,,,,,,,,,,,,,1.0.0,Spin,BlackHole,,Mage
Cat Spirit,336,Legendary,Pet,Magic,Mage,5,,,,2.4,,25:crit,,,,1:manat,1:luck,1:empower,,,,,,,,"Empower,Lucky",Mana,,,,,,,,,,,,,,1.0.0,VerySquishyJump,Ghost,,
Owl Spirit,337,Legendary,Pet,Magic,Mage,5,,,,3.2,,17:duplicate,,,,1:manat,2:mana,8:fatiguemana,,,,,,,,Mana,Mana,,,,,,,,,,,,,,1.0.0,VerySquishyJump,Ghost,,
Badger Spirit,338,Legendary,Pet,Magic,Mage,5,,,,5,,,,,,50:healtht,20:heal,1:manat,20:maxhealth,2:maxhealth_bonus,,,,,,,Mana,,,,,,,,,,,,,,1.0.0,VerySquishyJump,Ghost,,
Prismatic Wand,436,Godly,Accessory,"Magic,Vampiric,Holy,Dark",no,18,,,,4.5,,,,,,20:manat,20:luckt,20:regent,5:empower,5:use,Wood,,,,,Buff,"Lucky,Mana,Regeneration",,,,,,,,,,,,,,1.0.0,Wave,,Rainbow,
Cupcake Goobert,340,Legendary,Pet,Magic,no,11,,,,,,,,,,6:activations,35:heal,2:buffs,,,Slime,,Light Goobert+Steel Goobert+Blood Goobert>Rainbow Goobert Mage,,,Buff,,,,,,,,,,,,,,,1.0.0,Squish,Slime,,
Rainbow Goobert Mage,416,Godly,Pet,"Magic, Vampiric, Holy",no,53,,,,,,,,,20,9:activations,40:heal,2:vampirism,2:buffs,3:blind,Slime,,,,,"Buff,Blind",,,,,4:dambonus,,,,,,,,,,1.0.0,Squish,Slime,Rainbow,
Cupcake Staff,349,Legendary,Ranged Weapon,Magic,no,15,1,6,8,1.8,90,,,,,3:manat,4:buffs,0.2:dam,,,Wood,,,,Staff,Buff,Mana,,,,,,,,,,,,,,1.0.0,Wave,,,
Mage Hat,341,Epic,Helmet,Magic,Mage,5,,,,,,,,,10,4:mana,10:damreduction,,,,Leather,,,,,Mana,,,,,,,,,,,,,,,1.0.0,VerySquishyJump,Floaty,,
Puzzlebag L,404,Common,Bag,,no,5,,,,,,,,,,20:healamp,7:maxhealth,,,,Leather,,,Puzzlebox,,,,,,,,,,,,Puzzle Badge,,,,,1.0.0,,,,
Puzzlebag S,405,Rare,Bag,,no,5,,,,,,20:buffs,,,,,,,,,Leather,,,Puzzlebox,,,,,,,,,,,,Puzzle Badge,,,,,1.0.0,,,,
Puzzlebag Z,406,Epic,Bag,,no,5,,,,,,25:debuffs,,,,,,,,,Leather,,,Puzzlebox,,,,,,,,,,,,Puzzle Badge,,,,,1.0.0,,,,
Puzzlebag T,407,Legendary,Bag,,no,5,,,,,,,,,,25:buff,,,,,Leather,,,Puzzlebox,,Buff,,,,,,,,,,Puzzle Badge,,,,,1.0.0,,,,
Puzzlebag J,408,Godly,Bag,,no,5,,,,,,,,,,30:bonusdur,,,,,Leather,,,Puzzlebox,,,,,,,,,,,,Puzzle Badge,,,,,1.0.0,,,,
Shiny Mantle,342,Unique,Armor,"Holy,Magic",Mage>Shiny Chariot,10,,,,5.5,,,,,,1.0:dur_base,0.2:dur_bonus,10:gold,3:blind,3:manat,Leather,,,,,Blind,Mana,,,,3:mana,3:max,,,,,,,,,1.0.0,SquishyJump,Floaty,Gold,
Spirit Bells,343,Unique,Accessory,Magic,Mage>Spectromancer,10,,,,8,,,,,,30:damreduction,2:dur_base,1:dur_bonus,30:buffs,,,,,,,Buff,,,,,,,,,,,,,,,1.0.0,SquishyJump,,,
Water Elemental,344,Unique,Ranged Weapon,"Ice,Magic,Pet,Effect",Mage>Waterbender,10,0,5,10,2.8,95,10,,,,2:mana,2:mana2,10:speed,10:heal,15:dam,,,,,,"Cold,Mana",,,,,10:manat1,20:manat2,30:manat3,3:cold,,,,,,,1.0.0,VerySquishyJump,,Water,
Evil Hat,345,Unique,Pet,"Helmet,Dark,Magic",Mage>Battle Mage,10,,,,3,,75:regen,4:crit,,,5:buffs,5:buffs2,1:regen,15:unhealing,4:unhealing2,Leather,,,,,Buff,,,,,,,,,,,,,,,1.0.0,VerySquishyJump,Floaty,,
Rainbow Potion,346,Unique,Potion,Magic,Mage>Magical Girl,10,,,,,,,,20,,1:mana,1:stamina,6:buffs,20:buffst,2:potions,Glass,,,,,Buff,,,,,,,,,,,,,,,1.0.0,,,Rainbow,
Bag of Giving,368,Unique,Bag,,Adventurer,16,,,,,,,,,,0.1:stamina,1.32:value,,,,Leather,,,,,,,,,,,,,,,,,,,,1.0.0,,,,
Sewing Case,410,Unique,Bag,,Adventurer,16,,,,,,15:buffs,,70:restock,,15:speed,,,,,Leather,,,,,,,,,,,,,,,,,,,,1.0.0,,,,
Twine,380,Common,Accessory,,Adventurer,2,,,,,,20,20,,,2:health,,,,,Leather,,"Twine>Rope,Wooden Sword+Banana>Boomerang,Piggybank+Box of Riches>Piggy of Riches,Greatsword+Bloodthorne>Big Bloodthorne,Goobert+Ruby Whelp>Dragon Knight,Shield of Valor+Heart Container>Heart Shield,Lightsaber+Fancy Fencing Rapier>Scissorswords,Spear+Spear>Long Spear,Magic Staff+Jynx torquilla>Jynx Staff,Wooden Buckler+Whetstone>Hero Shield,Leather Armor+Customer Card>Employee Uniform",,,,,,,,,,,,,,,,,,1.0.0,SquishyJump,,,
Rope,381,Rare,Accessory,,no,4,,,,,,,,,,10:speed,6:dur,50:max,,,Leather,no,,,,,,,,,,,,,,,,,,,1.0.0,VerySquishyJump,,,
Hero Shield,434,Rare,Shield,,no,10,,,,,,30,,,,15:damblock,0.4:stamina,2:dam,15:damfactor,,Metal,,,,,,,,,,,,,,,,,,,,1.0.0,Block,,Steel,
Boomerang,395,Rare,Ranged Weapon,,no,8,1.5,3,4,2,90,50,,,,20:stamina,,,,,Wood,,Dagger>Daggerang,,,Buff,,Buff,,,,,,,,,,,,,1.0.0,Throw,,,
Piggy of Riches,396,Epic,Accessory,,no,10,,,,,,,,50,,4:maxhealth,,,,,Metal,,,,,,,,,,,,,,,,,,,,1.0.0,VerySquishyJump,,,
Employee Uniform,433,Epic,Armor,,no,13,,,,,,,,35:trade,70,6:resist,,,,,Leather,,,,,,,,,,,,,,,,,,,,1.0.0,SquishyJump,,,
Big Bloodthorne,394,Godly,Melee Weapon,"Vampiric, Nature",no,31,5,40,50,5,90,,,,,5:empowert,2:stamina,2:cd,3:regent,6:vampirism,Metal,,,,,"Vampirism,Spikes",Regeneration,,,,6:spikes,2:dam,,,,,,,,,1.0.0,Slash,VeryDense,,
Heart Shield,397,Godly,Shield,Holy,no,24,,,,,,30,30:regenamp,,,17:damblock,0.7:stamina,30:block,30:healamp,1:regen,Metal,,,,,Regeneration,Regeneration,,,,20:max_regen,7:regent,150:maxhealth,,,,,,,,1.0.0,Block,,,
Dragon Knight,398,Godly,Ranged Weapon,"Fire,Pet,Effect",no,18,0,5,10,2.1,90,,,,,5:heat,4:reflect,8:heal,15:advance,,Slime,,,,Dragon,Heat,,,,,,,,,,,,,,,1.0.0,VerySquishyJump,,,
Broccoli,399,Rare,Food,Nature,Adventurer,4,,,,6,,,,,,2:luck,5:luckt,2:regen,,,Squishy,,Heroic Potion>Broccotree,,,"Lucky,Regeneration",,,,,,,,,,,,,,,1.0.0,VerySquishyJump,,,
Lootbox,432,Epic,Accessory,,Adventurer,7,,,,,,,,25,,10:gold,,,,,Metal,,,,Transient,,,,,,,,,,,,,,,,1.0.0,,,Gold,
Broccoli Goobert,400,Epic,Pet,Nature,no,10,,,,,,,,,,6:activations,3:luck,5:luckt,3:regen,,Slime,,Light Goobert+Steel Goobert+Blood Goobert>Rainbow Goobert Adventurer,,,"Lucky,Regeneration",,,,,,,,,,,,,,,1.0.0,Squish,Slime,,
Rainbow Goobert Adventurer,401,Godly,Pet,"Vampiric, Nature, Holy",no,52,,,,,,,,,20,9:activations,40:heal,2:vampirism,2:regen,3:blind,Slime,,,,,"Regeneration,Vampirism,Blind",,,,,4:dambonus,,,,,,,,,,1.0.0,Squish,Slime,Rainbow,
Scissorswords,402,Godly,Melee Weapon,Holy,no,23,1,14,20,1.4,100,,,,,3:regent,1:dam_blind,10:blind,5:dur_blind,3:luckt,Metal,,,,,"Lucky,Regeneration,Blind","Lucky,Regeneration",,,,3:dam,5:luck,1:regen,,,,,,,,1.0.0,Slash,,,
Long Spear,417,Epic,Melee Weapon,,no,14,1.5,6,12,1.5,85,,,,,12:block,5:dam,,,,Metal,,,,,,,Block,,,,,,,,,,,,,1.0.0,Stab,,,
Daggerang,418,Epic,Ranged Weapon,,no,12,1.5,4,5,2,90,70:steal,,,,20:stamina,,,,,Metal,,,,,Buff,,Buff,,,,,,,,,,,,,1.0.0,Throw,,,
Jynx Staff,419,Godly,Ranged Weapon,"Pet,Magic,Musical",no,18,1,12,14,1.8,90,,,,,3:manat,2:dam,10:speed,10:max,2:luck,Bird,,,,Staff,,Mana,Lucky,,,,,,,,,,,,,1.0.0,Wave,,,
Fedora,375,Unique,Helmet,,Adventurer>Archaeologist,10,,,,2.8,,,,,,60:uniques,3:uniquest,1:luck,3:luck2,1:luckt,Leather,,,,,Buff,Lucky,Buff,,,2:buffs,25:chance,,,,,,,,,1.0.0,VerySquishyJump,Floaty,,
Scale,376,Unique,Accessory,,Adventurer>Merchant,10,,,,2.8,,,,40:trade,,4:mana,3:regen,2:speed,5:gold,30:speed2,Metal,,,,,"Mana,Regeneration",,,,,,,,,,,,,,,1.0.0,,,,
Mercury Elemental,377,Unique,Pet,,Adventurer>Weaponmaster,10,,,,5,,,,,50,1:stamina,1:staminat,2:poison,2:poison2,,Metal,,,,,Poison,,,,,,,,,,,,,,,1.0.0,VerySquishyJump,,Mercury,
Turtle,378,Unique,Pet,Nature,Adventurer>Shieldmaster,10,,,,13,,,,,60,35:damreduction,100:bonus_damblock,7:dur,20:block2,,Stone,,,,,,,,,,,,,,,,,,,,1.0.0,,BouncyDense,,
Ukulele,379,Unique,Accessory,Musical,Adventurer>Bard,10,,,,6,,15:duplicate,,,,20:healamp,30:heal,5:buffs,4:cold,10:speed,Wood,,,,,"Buff,Cold",,,,,20:advance,,,,,,,,,,1.0.0,SquishyJump,,,
Engineer Box,440,Unique,Bag,,Engineer,16,,,,,,,,,,5:delay,150:speed,,,,Metal,,,,,,,,,,,,,,,,,,,,1.1.0,,,Lightning,
Engineer Bag 2,441,Unique,Bag,,Engineer,18,,,,,,,,,,,,,,,Metal,,,,,,,,,,,,,,,,,,,,1.1.0,,,,
Battery,442,Common,Accessory,,Engineer,2,,,,,,,,,,2:dur,10:speed,5:speed2,,,Metal,,,,,,,,,,,,,,,,,,,,1.1.0,Stab,Dense,Lightning,
Resistor,443,Rare,Accessory,Fire,Engineer,2,,,,,,,,,,20:heatt,3:heat,,,,Metal,no,Stone+Pestilence Flask>Poison Grenade,,,Heat,,,,,,,,,,,,,,,1.1.0,,,,
Cog,444,Rare,Accessory,,Engineer,2,,,,,,,,,5,,,,,,Metal,,,,,,,,,,,,,,,,,,,,1.1.0,Spin,Dense,,
Coil,445,Epic,Accessory,,Engineer,3,,,,,,,,,,2:buffs,10:max,,,,Metal,no,,,,Buff,,Buff,,,,,,,,,,,,,1.1.0,,,,
Charge Splitter,446,Epic,Accessory,,Engineer,4,,,,5,,10:duplicate,5:pertile,,30,3:heatt,5:luck,2:dur,,,Metal,,,,,Lucky,Heat,,,,,,,,,,,,,,1.1.0,,Dense,Lightning,
Slice of Bread,466,Rare,Food,,Engineer,2,,,,5,,,,,,2.5:staminat,0.5:stamina,,,,Squishy,,Fire*>Slice of Toast,,,,,,,,,,,,,,,,,,1.1.0,,Light,,
Slice of Toast,467,Epic,Food,,no,2,,,,5,,,,,,2.5:staminat,0.5:stamina,1:regen,,,Squishy,,,,,Regeneration,,,,,,,,,,,,,,,1.1.0,,Light,,
Toast Goobert,468,Legendary,Pet,,no,8,,,,,,,,,,6:activations,2.5:staminat,1.5:stamina,3:regen,,Slime,,Light Goobert+Steel Goobert+Blood Goobert>Rainbow Goobert Engineer,,,Regeneration,,,,,,,,,,,,,,,1.1.0,Squish,Slime,,
Rainbow Goobert Engineer,469,Godly,Pet,"Vampiric, Holy",no,50,,,,,,,,,20,9:activations,40:heal,2:vampirism,1:regen,3:blind,Slime,,,,,"Regeneration,Vampirism,Blind",,,,,2:stamina,4:dambonus,,,,,,,,,1.1.0,Squish,Slime,Rainbow,
Wrench,447,Epic,Melee Weapon,,no,9,1,3,7,2.2,85,10:duplicate,10:crit,,,10:block,,,,,Metal,,,,,,,,,,,,,,,,,,,,1.1.0,Slash,Dense,,
Electric Torch,448,Epic,Accessory,,no,8,,,,5,,,,,,8:blind,7:dur_blind,40:speed,,,Metal,,,,,Blind,,,,,,,,,,,,,,,1.1.0,Slash,,,
Robodog,449,Legendary,Pet,Fire,no,10,,,,1.9,,,,,,1:luck,1:heat,0.5:cdincrease,1.9:basecd,,Metal,,,,,"Lucky,Heat",,,,,,,,,,,,,,,1.1.0,,BouncyDense,,
Mecha Bat,450,Legendary,Pet,Vampiric,no,10,1.5,,,3,,,,,,3:vampirism,10:luckt,1:luck,3:vampirism2,22:lifesteal,Metal,,,,,Vampirism,Lucky,,,,,,,,,,,,,,1.1.0,,Floaty,,
Bazooka,470,Godly,Ranged Weapon,,no,10,1,1,40,3,50,20:stunresist,,,25,1:heatt,2:luck,10:luckt,0.6:dur_stun,0.4:dur_stunself,Metal,,,,,Lucky,Heat,,,,5:max,,,,,,,,,,1.1.0,Shoot,Dense,,
Lightning Staff,471,Legendary,Ranged Weapon,Magic,no,12,0.8,12,14,1.6,90,,,,,3:manat,2:dam,3:num,1.5:dur,6:dam_flat,Metal,,,,Staff,,Mana,,,,2:dam_tile,,,,,,,,,,1.1.0,Wave,,Lightning,
Generator,472,Rare,Accessory,,no,6,0.8,,,4.5,,,,,,2:dur,10:speed,5:speed2,,,Metal,,,,,,,,,,,,,,,,,,,,1.1.0,Stab,,Lightning,
Chainsaw,473,Legendary,Melee Weapon,,no,10,0.7,8,10,1.2,90,,,,,5:buffs,5:slow,,,,Metal,,,,,Buff,,Buff,,,,,,,,,,,,,1.1.0,Slash,Dense,,
Poison Grenade,474,Legendary,Accessory,,no,10,,,,10,,30:poisoncrit,,,,20:poison,12:poison2,1:cdadvance,5:luckt,,Metal,,,,,Poison,,,,,,,,,,,,,,,1.1.0,Throw,Slime,Poison,
Con-Trap-Tron,475,Godly,Accessory,,no,8,,,,,,50:duplicate,10:pertile,,,10:speed,70:healtht,2:cdadvance_base,3:cdadvance_bonus,2:dur,Metal,,,,,,,,,,,,,,,,,,,,1.1.0,,,,
Spring Loader,476,Legendary,Accessory,,no,7,,,,7.5,,,,,,10:speed,2:cdadvance,35:speed2,,,Metal,,,,,,,,,,,,,,,,,,,,1.1.0,,Slime,Spring,
Eat-o-matic,477,Godly,Accessory,,no,6,,,,,,,,,,100:speed,150:speed2,75:speed3,,,Metal,no,,,,,,,,,,,,,,,,,,,1.1.0,,,,
Thunder Drake,516,Godly,Ranged Weapon,"Pet,Fire,Effect",no,12,0,5,10,2.1,90,,,,,3:hits,2:dur,20:speed,,,Dragon,,,,Dragon,,,,,,,,,,,,,,,,1.1.0,SquishyJump,,Lightning,
Tesla Coil,451,Unique,Accessory,,Engineer>Electrician,10,,,,5.5,,,,,,3:cdadvance,80:sales,1.5:weight,,,Metal,,,,,,,,,,,,,,,,,,,,1.1.0,,,Lightning,
Mana Crystal,452,Unique,Accessory,Magic,Engineer>Artificer,10,,,,5.5,,,,,,2:dur,1:mana1,2:mana2,,,Metal,,,,,Mana,,,,,,,,,,,,,,,1.1.0,,Ghost,Lightning,
Bionic Armor,453,Unique,Armor,,Engineer>Power Pilot,10,,,,3,,,,,100,100:staminaregen,10:healtht,0.2:maxstamina,5:staminat1,30:block,Metal,,,,,Empower,,,,,1:staminat2,3:empower,,,,,,,,,1.1.0,,VeryDense,,
Laboratory,454,Unique,Accessory,,Engineer>Chemist,10,,,,"2,4,6,8,12",,,,,,,,,,,Glass,,,,,"Heat,Spikes,Regeneration,Vampirism,Empower","Heat,Spikes,Regeneration,Vampirism,Lucky",,,,,,,,,,,,,,1.1.0,,,,
Hypercube,455,Unique,Accessory,,Engineer>Materials Scientist,10,,,,,,,,,,,,,,,Metal,,,,,,,,,,,,,,,,,,,,1.1.0,,,,
Gold Cube,456,Unique,Accessory,,no,2,,,,,,,,,,50:healtht,2:cdadvance,30:heal,4:heal_regen,80:penalty,Metal,,,Hypercube,,,,,,,,,,,,,,,,,1.1.0,,VeryDense,Gold,
Bismuth Cube,457,Unique,Accessory,,no,2,,,,,,,,,,7:buffs,0.3:cdadvance,10:max,,80:penalty,Metal,,,Hypercube,,Buff,,,,,,,,,,,,,,,1.1.0,,,Rainbow,
Chrome Cube,458,Unique,Accessory,,no,2,,,,,,,,,,50:healtht,2:cdadvance,35:healreduction,,80:penalty,Metal,,,Hypercube,,,,,,,,,,,,,,,,,1.1.0,,,,
Plastic Cube,459,Unique,Accessory,,no,2,,,,8,,,,,,75:cdadvance,10:spikes,,,80:penalty,,,,Hypercube,,Spikes,,,,,,,,,,,,,,,1.1.0,,Light,,
Cap of Brilliance,460,Legendary,Helmet,Magic,no,7,,,,,,20,15:mana,,,25:damagereduction,4:dur,2:mana,,,Leather,,,,,Mana,,,,,,,,,,,,,,,1.1.0,,,,
Magitecc Armor,461,Godly,Armor,"Magic,Holy",no,12,,,,2.2,,,,,65,2:regen,2:cleanse,4:manat,30:block,10:speed,Leather,,Cap of Brilliance+Arcane Boots+Thors Hammer>Automanaton,,,,Mana,Debuff,,,,,,,,,,,,,1.1.0,,Dense,,
Arcane Boots,462,Legendary,Shoes,Magic,no,6,,,,,,,,,30,70:healtht,3:luck,2:empower,2:manat,30:speed,Leather,,,,,"Lucky,Empower",Mana,,,,3:dur_speed,,,,,,,,,,1.1.0,,,,
Thors Hammer,463,Epic,Melee Weapon,Magic,no,8,3,10,13,2,90,50:stun,,,,0.5:dur_stun,2:manat,12:dam,5:blind,2:dur_blind,Metal,,,,,Blind,Mana,,,,,,,,,,,,,,1.1.0,Bonk,Dense,,
Automanaton,464,Godly,Melee Weapon,"Magic,Holy,Pet,Effect",no,33,0,10,13,2,75,45:stun,30:mana,,200,4:manat,0.5:dur_stun,5:blind,2:dur_blind,4:cleanse,,,,,,Blind,Mana,Debuff,,,70:healtht,25:dmgreduction,6:dur_dmgreduction,30:speed,,,,,,,1.1.0,,Dense,,
Mananana,465,Rare,Food,Magic,no,3,,,,5,,,,,,2:manat,10:heal,2:stamina,,,Squishy,,,,,,Mana,,,,,,,,,,,,,,1.1.0,,Light,,
Gigawatz,478,Unique,Skill,,Engineer 1,5,,10,10,7.5,,,,,,3:blind,7:damincrease,15:speed,10:max,,Paper,,,,,Blind,,,,,,,,,,,,,,,1.1.0,VerySquishyJump,,Lightning,
Perpetuum Mobile,479,Unique,Skill,,Engineer 2,5,,,,8,,,,,,2:stamina,30:refund_buffs,30:refund_stamina,30:speed,,Paper,,,,,Buff,,,,,,,,,,,,,,,1.1.0,VerySquishyJump,,,
Critical Poison,480,Unique,Skill,,"Ranger,Reaper 1",5,,,,,,5:crit,,,,5:damt,1:poison,,,,Paper,no,,,,Poison,,,,,,,,,,,no,,,,1.1.0,VerySquishyJump,,Poison,
Burning Spikes,481,Unique,Skill,,"Pyromancer,Berserker 1",5,,,,,,,,,,5:spikes,3:heat,5:spikest,2:heat2,,Paper,,,,,"Heat,Spikes",,,,,,,,,,,no,,,,1.1.0,VerySquishyJump,,,
Hogus Bogus,482,Unique,Skill,,"Mage,Adventurer 1",5,,,,"3,6,9",,,,,,8:stamina,3:buffs,1:dur_stun,0.5:dur_self_stun,40:heal,Paper,,,,,Buff,,,,,,,,,,,no,,,,1.1.0,VerySquishyJump,,,
Spin to Win,483,Unique,Skill,,"Adventurer,Engineer 1",5,,,,3.8,,,,,,2:heat,3:luck,3:regen,4:mana,,Paper,,,,,"Lucky,Heat,Mana,Regeneration",,,,,,,,,,,no,,,,1.1.0,VerySquishyJump,,,
Energy Conversion,484,Unique,Skill,,"Pyromancer,Engineer 1",5,0.7,,,4.5,,,,,,4:heat,20:heatt,5:buffs,25:speed,,Paper,,,,,Buff,,,,,,,,,,,no,,,,1.1.0,VerySquishyJump,,,
Inner Power,485,Unique,Skill,,"Ranger,Berserker 1",5,,,,,,,,,,2:luck,1:empower,2:healamp,100:max1,2:speed,Paper,,,,,"Lucky,Empower",,,,,100:max2,,,,,,no,,,,1.1.0,VerySquishyJump,,,
Bewitchment,486,Unique,Skill,,"Reaper,Mage 1",5,,,,3,,10,,,,1:manat,4:debuffs,2:poison,1:blind,1:cold,Paper,,,,,Debuff,Mana,,,,,,,,,,no,,,,1.1.0,VerySquishyJump,,,
Chess Master,492,Unique,Skill,,Mage 1,5,,,,,,,,,,40:speed,,,,,Paper,,,,,,,,,2,,,,,,,no,,,Chess Board,1.1.0,VerySquishyJump,,,
Speak with Animals,493,Unique,Skill,,Neutral 1,5,,,,3,,10:trigger,,30:pet,,25:sale,,,,,Paper,,,,,,,,,,,,,,,,no,,,,1.1.0,VerySquishyJump,,,
Seal the Deal,494,Unique,Skill,,Neutral 1,5,,,,5.2,,,,30:trade,,1:gold,2:regent,3:vamp,2:luckt,3:spikes,Paper,,,,,"Spikes,Vampirism,Empower","Regeneration,Lucky,Mana",,,,2:manat,2:empower,,,,,no,,,,1.1.0,VerySquishyJump,,,
King of the Bling,517,Unique,Skill,,Neutral 1,5,,,,,,35:duplicate,,75:restock,,30:sales,,,,,Paper,no,,,,,,,,,,,,,,,no,,,,1.1.0,Scale,,,
Wisp,495,Godly,Gem,Nature,Ranger,8,,,,"12,5",,,,,,10:luck,10:regen,10:speed,35:maxhealth,30:dam,,,,,,"Regeneration,Lucky",,,2,,1:spikes,,,,,,no,,,,1.1.0,VerySquishyJump,Ghost,,
Forest Dragon,496,Godly,Ranged Weapon,"Nature,Pet,Effect",no,18,0,5,10,2.1,90,,,,,1:regen,1:luck,0.8:dam,10:speed,,,,,,Dragon,"Regeneration,Lucky",,,,,,,,,,,no,,,,1.1.0,SquishyJump,,,
War Scythe,497,Godly,Melee Weapon,Dark,no,16,0.8,10,14,1.4,90,10:crit,,,,5:poisont,20:critdam,,,,Metal,,,,,,,,,,,,,,,,no,,,,1.1.0,Slash,Dense,,
Frog Prince,498,Godly,Pet,"Holy,Magic,Nature",no,18,,,,2.6,,,,,,10:gained,1:blind,20:heal,30:used,5:luck,,,,,,"Mana,Lucky",,Blind,,,5:mana,2.5:dur_1,1:luck2,1:mana2,,,no,,,,1.1.0,,Slime,,
Molten Spear2,499,Legendary,Melee Weapon,Fire,no,12,1,3,8,1.5,65,,,,,2:heatt,3:missdam,1:blind,1:blind_self,5:blockremoval,Metal,,,,,Blind,Heat,,,,7:fire,,,,,,no,,,,1.1.0,Stab,Dense,,
Phoenix2,500,Godly,Ranged Weapon,"Pet,Fire,Effect",no,14,0,15,20,2.5,85,6:crit,,,,10:selfdam,6:reincarnate_health,6:fire,,,,,,,,,Heat,,,,,,,,,,no,,,,1.1.0,SquishyJump,Floaty,,
Whetstone2,501,Rare,Accessory,,no,4,,,,,,,,,,1:dam,,,,,Stone,,Forging Hammer*>Whetstone3,,,,,,,,,,,,,,no,,,,1.1.0,,Dense,,
Whetstone3,502,Epic,Accessory,,no,4,,,,,,,,,,2:dam,10:blockfactor,,,,Stone,,,,,,,,,,,,,,,,no,,,,1.1.0,,VeryDense,Steel,
Steel Dragon,503,Godly,Ranged Weapon,"Pet,Fire,Effect",no,14,0,5,10,2.1,90,,,,,8:reflect,6:dam,40:blockfactor,,,,,,,Dragon,,,,,,,,,,,,no,,,,1.1.0,,VeryDense,Stompy,
Halberd,504,Legendary,Melee Weapon,,no,16,1.4,3,6,2,85,,,,,1:dam,4:blockremoval,35:blockfactor,,,Metal,,,,,,,,,,,,,,,,no,,,,1.1.0,Slash,Dense,Steel,
Magic Ring,505,Legendary,Accessory,,Adventurer,7,,,,6,,,,,,"4:poison,3:cold,2:blind","3:lucky,3:regeneration,3:spikes","4:mana,3:heat","3:vampirism,2:empower",50:healtht,Jewelry,,Magic Ring>Superior Ring,,,,,,,,70:healtht_opp,"1.0:scale1,0.75:scale2,1.5:scale3,1.5:scale4",2:effects,,,King of the Bling,no,,,,1.1.0,,,,
Superior Ring,506,Godly,Accessory,,no,14,,,,4,,,,,,"4:poison,3:cold,2:blind","3:lucky,3:regeneration,3:spikes","4:mana,3:heat","3:vampirism,2:empower",50:healtht,Jewelry,,,,,,,,,,70:healtht_opp,"1.5:scale1,0.75:scale2,2.5:scale3,2.5:scale4",3:effects,,,King of the Bling,no,,,,1.1.0,,,,
Broccotree,507,Godly,Food,Nature,no,10,,,,6,,,,,,3:luck,5:luckt,3:regen,1:stamina,,Squishy,,,,,"Regeneration,Lucky",,,,,,,,,,,no,,,,1.1.0,,,,
Cupcake Dragon,508,Godly,Ranged Weapon,"Pet,Fire,Magic,Effect",no,15,0,5,10,2.1,90,,,,,2:remove,2:gain,15:speed,,,,,,,Dragon,Buff,,Buff,,,,,,,,,no,,,,1.1.0,SquishyJump,Floaty,,
Wand of Dissonance,509,Godly,Accessory,"Dark,Magic",no,10,,8,8,2.9,,,,,,7:healtht,4:mana,3:luck,3:regen,5:dam,Wood,,,,,"Regeneration,Lucky,Mana",,,,,,,,,,,no,,,,1.1.0,Wave,,,
Amulet of Light,510,Rare,Accessory,Holy,no,6,,,,,,10:regen,30:holy,,,3:maxhealth,1:regen,,,,Jewelry,no,,Amulet Unidentified,,Regeneration,,,,,,,,,,,no,,,,1.1.0,,,,
Gold Armor,511,Godly,Armor,Holy,no,22,,,,2.2,,,,,120,3:gold,3:regen,5:cleanse,25:block,50:speed,Metal,,,,,Regeneration,,Debuff,,,,,,,,,no,,,,1.1.0,,VeryDense,Gold,
Pine Protector,512,Godly,Shield,Nature,no,14,,,,,,30,,,,10:damblock,0.3:stamina,1:spikes,"5:maxspikes,1:maxspikes_food",1:damblock2,Wood,,,,,Spikes,,,,,10:maxblock,8:heal,,,,,no,,,,1.1.0,Block,,,
Onion Cutter,513,Legendary,Melee Weapon,,no,9,0.5,2,4,1.4,90,,,,,2:dam,12:speed,,,,Metal,,,,,,,,,,,,,,,,no,,,,1.1.0,Stab,,Steel,
Pot,514,Rare,Accessory,,no,8,,,,15,,,,,,10:heal,2:heal_food,6:heat,6:regen,50:speed,Metal,,,,,"Heat,Regeneration",,,,,,,,,,,no,,,,1.1.0,,Dense,Steel,
Cog Badge,515,Unique,Accessory,,unique,5,,,,4,,,,,,2:dur,10:speed,3:speed2,,,Jewelry,,,,,,,,,,,,,,,,no,1,,,1.1.0,,,,
Furcifer Prime,487,Unique,Accessory,,unique,5,,,,,,,,30:crafted,,2:gold,10:sales,,,,Paper,,,,,,,,,,,,,,,,no,,,,1.1.0,,,Gold,
Angel Crystal,488,Unique,Accessory,Holy,unique,6,,,,7,,,,,,3:regen,2:regen_holy,3:empower,1:empower_holy,4:maxhealth,Glass,,,,,"Regeneration,Empower",,,,,,,,,,,no,,,,1.1.0,,Floaty,,
Thorn Elemental,489,Unique,Pet,Nature,unique,6,,,,3,,10:crit,,,,50:spikedam,3:spikes,,,,Squishy,,,,,Spikes,,,,,,,,,,,no,,,,1.1.0,,Dense,,
Lightning Potion,490,Unique,Potion,,unique,7,,10,10,"2,7",,,,,,10:blind,5:dur_blind,5:heal,,,Glass,,,,,Blind,,,,,,,,,,,no,,,,1.1.0,,,Lightning,
Sloth,491,Unique,Pet,Nature,unique,5,,,,25,,,,,,30:speed,10:maxhealth_base,15:maxhealth_item,10:buffs,1:buffs_amulet,,,,,,Buff,,,,,1.5:dur_stun,0.5:dur_stun_amulet,,,,,no,,,,1.1.0,,,,
